Image,Method,Total_Detections,Avg_Conf,TP,FP,GT_Count
00000.png,IR,6,0.7134452064832052,6,0,9
00011.png,IR,8,0.6834449470043182,6,2,9
00025.png,IR,6,0.5014667809009552,5,1,7
00031.png,IR,8,0.5544759035110474,8,0,8
00033.png,IR,11,0.5858592743223364,9,2,10
00042.png,IR,5,0.41975106596946715,2,3,7
00061.png,IR,5,0.6067056953907013,5,0,5
00071.png,IR,2,0.39649078249931335,1,1,3
00082.png,IR,2,0.5734038650989532,2,0,3
00097.png,IR,1,0.48882371187210083,1,0,2
00107.png,IR,8,0.46552636101841927,3,5,3
00112.png,IR,8,0.5471617542207241,8,0,14
00118.png,IR,6,0.546012615164121,5,1,9
00147.png,IR,9,0.5002955827448103,7,2,16
00149.png,IR,7,0.48200786113739014,4,3,6
00150.png,IR,11,0.5148903456601229,7,4,8
00159.png,IR,6,0.6186554729938507,4,2,8
00177.png,IR,7,0.5898876999105725,6,1,10
00196.png,IR,7,0.5668128771441323,7,0,10
00202.png,IR,8,0.5656115561723709,8,0,10
00210.png,IR,4,0.6763433814048767,4,0,6
00215.png,IR,5,0.6347759187221527,4,1,4
00232.png,IR,6,0.6175126781066259,6,0,6
00242.png,IR,5,0.5019040763378143,3,2,7
00255.png,IR,1,0.8328522443771362,1,0,1
00274.png,IR,3,0.555217832326889,2,1,2
00284.png,IR,2,0.7968699634075165,2,0,2
00290.png,IR,2,0.829370766878128,2,0,2
00306.png,IR,2,0.835138350725174,2,0,2
00320.png,IR,2,0.8206370174884796,2,0,2
00325.png,IR,1,0.8107492327690125,1,0,1
00334.png,IR,1,0.6973715424537659,1,0,1
00339.png,IR,1,0.42970719933509827,0,1,0
00349.png,IR,1,0.8945179581642151,1,0,1
00353.png,IR,1,0.8759346604347229,1,0,1
00370.png,IR,1,0.8685834407806396,1,0,1
00385.png,IR,1,0.8949754238128662,1,0,1
00386.png,IR,9,0.5890582435660892,7,2,7
00388.png,IR,11,0.5523899929089979,10,1,11
00389.png,IR,13,0.5263137519359589,6,7,8
00390.png,IR,9,0.6530325909455618,7,2,7
00400.png,IR,6,0.6342701812585195,5,1,5
00405.png,IR,15,0.5740036229292552,10,5,11
00409.png,IR,10,0.6177175283432007,7,3,8
00419.png,IR,3,0.7177553772926331,2,1,2
00421.png,IR,15,0.5770420253276825,7,8,8
00434.png,IR,12,0.6108981718619665,10,2,11
00441.png,IR,8,0.6410938613116741,8,0,9
00443.png,IR,4,0.5425860583782196,4,0,4
00449.png,IR,6,0.7373671978712082,5,1,6
00453.png,IR,5,0.6741818606853485,4,1,4
00461.png,IR,9,0.5689818064371744,4,5,4
00479.png,IR,6,0.7143130898475647,4,2,4
00489.png,IR,7,0.6314771388258252,5,2,5
00497.png,IR,9,0.5235974192619324,6,3,6
00512.png,IR,9,0.6297751598887973,6,3,6
00525.png,IR,12,0.57542401800553,6,6,6
00527.png,IR,10,0.5608598202466964,6,4,7
00537.png,IR,9,0.6388979951540629,7,2,10
00555.png,IR,10,0.5691706508398056,7,3,9
00572.png,IR,11,0.5498616641218012,6,5,11
00587.png,IR,3,0.5369183917840322,2,1,7
00606.png,IR,7,0.6896092551095145,6,1,7
00621.png,IR,7,0.6358147050653186,6,1,7
00633.png,IR,7,0.691684888941901,6,1,7
00643.png,IR,1,0.3849012851715088,0,1,1
00652.png,IR,4,0.3262825235724449,1,3,2
00653.png,IR,3,0.4652106662591298,2,1,2
00661.png,IR,3,0.8299762805302938,3,0,3
00671.png,IR,4,0.708672545850277,4,0,5
00676.png,IR,4,0.7523800283670425,4,0,4
00677.png,IR,6,0.5687722166379293,5,1,6
00687.png,IR,6,0.559082900484403,6,0,7
00697.png,IR,6,0.5572558989127477,5,1,6
00712.png,IR,1,0.7891938090324402,1,0,1
00716.png,IR,1,0.8030388355255127,1,0,1
00719.png,IR,0,0.0,0,0,0
00725.png,IR,1,0.8787216544151306,1,0,1
00726.png,IR,1,0.8820210695266724,1,0,1
00738.png,IR,0,0.0,0,0,1
00760.png,IR,1,0.40109384059906006,1,0,1
00762.png,IR,1,0.891754686832428,1,0,1
00769.png,IR,1,0.4147307574748993,0,1,0
00787.png,IR,2,0.6130951046943665,1,1,2
00800.png,IR,0,0.0,0,0,0
00801.png,IR,3,0.5805693566799164,2,1,2
00805.png,IR,3,0.6303376257419586,2,1,3
00818.png,IR,2,0.5862730741500854,1,1,1
00825.png,IR,3,0.8511297106742859,3,0,3
00826.png,IR,3,0.8482833902041117,3,0,3
00829.png,IR,3,0.8460418581962585,3,0,4
00834.png,IR,3,0.6203107237815857,2,1,3
00857.png,IR,3,0.5010478397210439,2,1,2
00867.png,IR,2,0.5008208155632019,2,0,2
00871.png,IR,3,0.6335275868574778,3,0,3
00878.png,IR,3,0.632307102282842,3,0,3
00896.png,IR,2,0.5132628530263901,2,0,2
00910.png,IR,2,0.6967359781265259,2,0,2
00916.png,IR,2,0.8470388352870941,2,0,2
00922.png,IR,2,0.6697957813739777,2,0,2
00926.png,IR,1,0.6422181129455566,1,0,2
00950.png,IR,3,0.7185638149579366,3,0,3
00958.png,IR,3,0.8229199647903442,3,0,3
00965.png,IR,3,0.8280880053838094,3,0,3
00976.png,IR,10,0.5294469267129898,6,4,9
00994.png,IR,6,0.4832780758539836,4,2,5
01017.png,IR,3,0.6547587911287943,3,0,3
01034.png,IR,6,0.5060265709956487,5,1,5
01043.png,IR,4,0.6759566515684128,4,0,5
01079.png,IR,1,0.39916762709617615,0,1,0
01093.png,IR,0,0.0,0,0,5
01101.png,IR,1,0.39286738634109497,0,1,5
01115.png,IR,6,0.415839617451032,3,3,4
01122.png,IR,4,0.5689037889242172,3,1,3
01136.png,IR,2,0.7265390455722809,2,0,2
01147.png,IR,1,0.5226075053215027,1,0,2
01156.png,IR,3,0.6852634946505228,2,1,2
01165.png,IR,13,0.7825073210092691,1,12,2
01186.png,IR,6,0.3580347349246343,2,4,6
01204.png,IR,2,0.8540636003017426,2,0,3
01212.png,IR,3,0.7726855079332987,3,0,3
01223.png,IR,6,0.4537633806467056,3,3,7
01227.png,IR,4,0.8142911344766617,4,0,4
01242.png,IR,2,0.7868069708347321,2,0,2
01249.png,IR,3,0.5332999428113302,1,2,1
01267.png,IR,1,0.4426138997077942,0,1,0
01270.png,IR,5,0.45752344131469724,2,3,3
01299.png,IR,4,0.6363116800785065,3,1,4
01301.png,IR,2,0.8096663653850555,2,0,2
01320.png,IR,2,0.8092211484909058,2,0,2
01331.png,IR,2,0.8353716135025024,2,0,2
01345.png,IR,0,0.0,0,0,0
01388.png,IR,0,0.0,0,0,0
01393.png,IR,2,0.5577840059995651,1,1,1
01406.png,IR,2,0.5646474361419678,1,1,1
01413.png,IR,1,0.8106124401092529,1,0,1
01415.png,IR,1,0.7314368486404419,1,0,1
01422.png,IR,3,0.579862097899119,2,1,2
01432.png,IR,1,0.6111867427825928,0,1,0
01437.png,IR,0,0.0,0,0,0
01442.png,IR,4,0.618738166987896,3,1,3
01443.png,IR,4,0.5946058332920074,3,1,3
01454.png,IR,5,0.4170359313488007,4,1,6
01462.png,IR,3,0.5422835449377695,2,1,2
01471.png,IR,5,0.400688898563385,2,3,4
01482.png,IR,3,0.33983297149340314,1,2,3
01486.png,IR,2,0.492703840136528,1,1,4
01492.png,IR,1,0.3027336001396179,0,1,2
01494.png,IR,3,0.8546932140986124,3,0,3
01505.png,IR,2,0.6338218152523041,2,0,2
01511.png,IR,1,0.7823324799537659,1,0,1
01527.png,IR,2,0.8619126081466675,2,0,2
01531.png,IR,1,0.35848090052604675,0,1,0
01547.png,IR,0,0.0,0,0,0
01562.png,IR,0,0.0,0,0,0
01579.png,IR,0,0.0,0,0,0
01584.png,IR,4,0.6002054587006569,3,1,8
01587.png,IR,6,0.563509151339531,5,1,8
01599.png,IR,4,0.48253805935382843,3,1,4
01608.png,IR,6,0.48776548604170483,4,2,6
01640.png,IR,1,0.7696139812469482,1,0,2
01659.png,IR,1,0.7638692855834961,1,0,4
01670.png,IR,5,0.5888903081417084,4,1,5
01673.png,IR,4,0.5659603774547577,4,0,7
01707.png,IR,3,0.5889903207619985,2,1,2
01710.png,IR,3,0.5835048456986746,2,1,2
01724.png,IR,4,0.42232027649879456,2,2,2
01729.png,IR,3,0.6288795173168182,2,1,2
01741.png,IR,3,0.6338251531124115,2,1,2
01760.png,IR,3,0.5570646226406097,2,1,2
01773.png,IR,3,0.5413046777248383,1,2,1
01779.png,IR,3,0.6071612437566122,2,1,2
01783.png,IR,3,0.6442166169484457,2,1,2
01789.png,IR,2,0.6474148333072662,1,1,2
01803.png,IR,3,0.6393013795216879,2,1,2
01806.png,IR,6,0.6586238294839859,2,4,2
01807.png,IR,5,0.596109813451767,2,3,2
01811.png,IR,4,0.6132594347000122,2,2,2
01828.png,IR,5,0.6482985198497773,2,3,2
01845.png,IR,2,0.853175938129425,2,0,2
01856.png,IR,2,0.8325009047985077,2,0,2
01861.png,IR,2,0.8493316173553467,2,0,2
01867.png,IR,0,0.0,0,0,0
01899.png,IR,1,0.7261720895767212,1,0,1
01911.png,IR,1,0.7027362585067749,1,0,1
01912.png,IR,2,0.7002793401479721,2,0,2
01913.png,IR,1,0.8892576098442078,1,0,2
01919.png,IR,1,0.8899840712547302,1,0,2
01929.png,IR,2,0.6920882612466812,1,1,2
01937.png,IR,10,0.44125344753265383,7,3,7
01947.png,IR,14,0.42601002539907185,6,8,6
01954.png,IR,7,0.46846554960523334,5,2,8
01963.png,IR,11,0.4379915947263891,5,6,6
01977.png,IR,1,0.3273756802082062,1,0,3
01981.png,IR,1,0.6410527229309082,1,0,2
01985.png,IR,0,0.0,0,0,3
01994.png,IR,4,0.7364816442131996,4,0,4
01996.png,IR,3,0.7496861616770426,3,0,4
02002.png,IR,4,0.7387056648731232,3,1,4
02011.png,IR,4,0.614683598279953,4,0,4
02033.png,IR,4,0.6262874901294708,3,1,3
02045.png,IR,5,0.6525646567344665,4,1,7
02073.png,IR,6,0.7132951219876608,6,0,9
02083.png,IR,7,0.6674708681447166,6,1,8
02090.png,IR,8,0.6510338559746742,6,2,8
02102.png,IR,4,0.35030753165483475,2,2,4
02119.png,IR,4,0.3746039792895317,4,0,6
02120.png,IR,6,0.6802035967508951,6,0,9
02142.png,IR,2,0.4312587082386017,2,0,4
02163.png,IR,4,0.5019854456186295,1,3,3
02180.png,IR,8,0.49567608535289764,3,5,4
02195.png,IR,6,0.5378888646761576,6,0,13
02213.png,IR,10,0.46063801646232605,9,1,11
02233.png,IR,6,0.568682904044787,4,2,5
02236.png,IR,5,0.554794430732727,3,2,7
02249.png,IR,5,0.6418093085289002,5,0,7
02278.png,IR,5,0.5235913753509521,5,0,6
02296.png,IR,7,0.6811011263302394,6,1,8
02310.png,IR,6,0.5403993229071299,3,3,3
02317.png,IR,5,0.43157597780227663,4,1,8
02322.png,IR,0,0.0,0,0,3
02337.png,IR,2,0.3480132967233658,1,1,2
02352.png,IR,2,0.785332590341568,2,0,2
02369.png,IR,4,0.457015685737133,3,1,3
02394.png,IR,5,0.5114067494869232,3,2,3
02405.png,IR,3,0.7256569067637125,3,0,4
02440.png,IR,3,0.48393987615903217,3,0,3
02450.png,IR,3,0.541941891113917,3,0,3
02455.png,IR,7,0.5595284742968423,6,1,6
02464.png,IR,6,0.5753394663333893,5,1,8
02473.png,IR,8,0.5259577818214893,5,3,10
02478.png,IR,6,0.5974461187918981,6,0,8
02486.png,IR,5,0.5544544458389282,4,1,5
02495.png,IR,4,0.6028407737612724,3,1,3
02522.png,IR,1,0.3101005554199219,1,0,3
02527.png,IR,1,0.39940595626831055,1,0,1
02530.png,IR,2,0.34104321897029877,1,1,1
02533.png,IR,1,0.5082232356071472,0,1,2
02544.png,IR,2,0.29308684170246124,0,2,2
02556.png,IR,2,0.43314866721630096,1,1,4
02572.png,IR,3,0.5813241501649221,2,1,8
02606.png,IR,5,0.5011343777179718,2,3,5
02611.png,IR,4,0.6198885440826416,2,2,4
02624.png,IR,3,0.5330201586087545,3,0,6
02641.png,IR,5,0.5557806491851807,4,1,5
02651.png,IR,3,0.4896880288918813,1,2,2
02658.png,IR,4,0.6804400384426117,4,0,6
02667.png,IR,2,0.7914054989814758,2,0,6
02709.png,IR,4,0.6768498122692108,4,0,10
02720.png,IR,3,0.554454485575358,3,0,6
02731.png,IR,4,0.7196508049964905,4,0,6
02739.png,IR,3,0.7354548772176107,2,1,2
02754.png,IR,1,0.7171446084976196,1,0,1
02757.png,IR,0,0.0,0,0,1
02762.png,IR,0,0.0,0,0,0
02778.png,IR,0,0.0,0,0,0
02786.png,IR,1,0.8415958881378174,1,0,2
02816.png,IR,5,0.7327794671058655,4,1,4
02821.png,IR,4,0.7553620487451553,3,1,3
02846.png,IR,1,0.8709845542907715,1,0,1
02860.png,IR,2,0.8291313350200653,2,0,2
02869.png,IR,2,0.674826979637146,1,1,3
02896.png,IR,3,0.6417314410209656,2,1,2
02956.png,IR,8,0.5221657305955887,5,3,10
03019.png,IR,5,0.6516883134841919,5,0,7
03045.png,IR,8,0.4930975213646889,5,3,8
03100.png,IR,3,0.8306365609169006,3,0,3
03109.png,IR,4,0.6335505768656731,4,0,7
03143.png,IR,4,0.6943101808428764,4,0,5
03173.png,IR,3,0.3712223172187805,2,1,34
03219.png,IR,8,0.5878341495990753,6,2,10
03260.png,IR,6,0.7291912386814753,6,0,10
03281.png,IR,2,0.6641471982002258,2,0,5
03289.png,IR,4,0.48424436151981354,2,2,9
03354.png,IR,3,0.6327639818191528,3,0,5
03375.png,IR,4,0.6811883375048637,4,0,5
03381.png,IR,9,0.5771249168448978,8,1,13
03409.png,IR,10,0.5210423469543457,8,2,9
03417.png,IR,3,0.5967251261075338,2,1,6
03433.png,IR,6,0.4975062608718872,4,2,6
03438.png,IR,4,0.45881443470716476,3,1,9
03462.png,IR,5,0.6209310829639435,4,1,6
03473.png,IR,3,0.5609518885612488,1,2,8
03575.png,IR,11,0.5932132303714752,8,3,15
03589.png,IR,8,0.5862037912011147,7,1,9
03600.png,IR,8,0.6075625754892826,6,2,9
03640.png,IR,7,0.5280915072986058,5,2,8
03708.png,IR,4,0.6227779388427734,4,0,7
03719.png,IR,5,0.5165159940719605,2,3,2
03769.png,IR,7,0.6267804418291364,6,1,8
03813.png,IR,7,0.5861607534544808,5,2,5
03836.png,IR,4,0.6982762217521667,4,0,6
03878.png,IR,6,0.74746373295784,6,0,6
03989.png,IR,11,0.682964950799942,10,1,12
04006.png,IR,3,0.5590323011080424,2,1,2
04018.png,IR,2,0.835742324590683,2,0,2
04026.png,IR,2,0.8028088212013245,2,0,2
04053.png,IR,6,0.7754400173823038,6,0,6
04092.png,IR,4,0.8834500014781952,4,0,4
04160.png,IR,3,0.7140476504961649,2,1,8
00000.png,VI,8,0.5775693655014038,7,1,9
00011.png,VI,8,0.6849800124764442,7,1,9
00025.png,VI,7,0.68027349455016,6,1,7
00031.png,VI,7,0.7640613870961326,7,0,8
00033.png,VI,9,0.6833067735036215,8,1,10
00042.png,VI,9,0.62647059890959,7,2,7
00061.png,VI,6,0.5864628354708353,4,2,5
00071.png,VI,4,0.573903039097786,3,1,3
00082.png,VI,2,0.6960103064775467,2,0,3
00097.png,VI,2,0.6015876531600952,2,0,2
00107.png,VI,3,0.5181049009164175,2,1,3
00112.png,VI,11,0.5382837436415933,8,3,14
00118.png,VI,7,0.4681915896279471,5,2,9
00147.png,VI,17,0.6404261483865625,14,3,16
00149.png,VI,6,0.7934444497028986,5,1,6
00150.png,VI,8,0.7390529066324234,7,1,8
00159.png,VI,10,0.645307657122612,7,3,8
00177.png,VI,9,0.7529748744434781,9,0,10
00196.png,VI,8,0.5559744499623775,7,1,10
00202.png,VI,9,0.5036358932654063,9,0,10
00210.png,VI,5,0.7572922229766845,5,0,6
00215.png,VI,5,0.6864957094192505,4,1,4
00232.png,VI,9,0.5488983922534518,3,6,6
00242.png,VI,7,0.5779475612299783,6,1,7
00255.png,VI,2,0.7856622040271759,1,1,1
00274.png,VI,3,0.5309486786524454,1,2,2
00284.png,VI,5,0.5519649386405945,2,3,2
00290.png,VI,5,0.6698029279708863,2,3,2
00306.png,VI,4,0.7353428304195404,2,2,2
00320.png,VI,4,0.6753438860177994,2,2,2
00325.png,VI,2,0.4378773868083954,0,2,1
00334.png,VI,0,0.0,0,0,1
00339.png,VI,0,0.0,0,0,0
00349.png,VI,1,0.7370129823684692,1,0,1
00353.png,VI,1,0.6812399625778198,1,0,1
00370.png,VI,1,0.46039578318595886,1,0,1
00385.png,VI,1,0.8969786763191223,1,0,1
00386.png,VI,4,0.5548021346330643,4,0,7
00388.png,VI,2,0.3118482530117035,0,2,11
00389.png,VI,4,0.46349305659532547,1,3,8
00390.png,VI,10,0.4696392387151718,4,6,7
00400.png,VI,2,0.5328823029994965,1,1,5
00405.png,VI,6,0.6149893204371134,5,1,11
00409.png,VI,2,0.6273340284824371,1,1,8
00419.png,VI,2,0.905228316783905,2,0,2
00421.png,VI,4,0.8014378696680069,4,0,8
00434.png,VI,8,0.4655681177973747,6,2,11
00441.png,VI,2,0.6693803519010544,2,0,9
00443.png,VI,7,0.7030356739248548,4,3,4
00449.png,VI,6,0.5374043534199396,2,4,6
00453.png,VI,4,0.40174059569835663,0,4,4
00461.png,VI,3,0.2909756700197856,1,2,4
00479.png,VI,1,0.6060131192207336,1,0,4
00489.png,VI,3,0.8816796143849691,3,0,5
00497.png,VI,4,0.5578077360987663,2,2,6
00512.png,VI,7,0.45904940366744995,2,5,6
00525.png,VI,5,0.6376590132713318,3,2,6
00527.png,VI,7,0.47421962874276297,3,4,7
00537.png,VI,9,0.48853908644782174,6,3,10
00555.png,VI,10,0.46530829668045043,6,4,9
00572.png,VI,11,0.48492302948778326,10,1,11
00587.png,VI,10,0.4741397529840469,5,5,7
00606.png,VI,8,0.6595157161355019,6,2,7
00621.png,VI,5,0.5244949281215667,4,1,7
00633.png,VI,6,0.6237886299689611,5,1,7
00643.png,VI,1,0.3588446080684662,1,0,1
00652.png,VI,4,0.37532275170087814,2,2,2
00653.png,VI,1,0.502856433391571,0,1,2
00661.png,VI,3,0.8602638840675354,3,0,3
00671.png,VI,3,0.857798715432485,3,0,5
00676.png,VI,4,0.8025362193584442,4,0,4
00677.png,VI,5,0.49474394917488096,2,3,6
00687.png,VI,6,0.4312003602584203,2,4,7
00697.png,VI,6,0.5517544796069463,4,2,6
00712.png,VI,0,0.0,0,0,1
00716.png,VI,0,0.0,0,0,1
00719.png,VI,0,0.0,0,0,0
00725.png,VI,1,0.9209482073783875,1,0,1
00726.png,VI,1,0.927348792552948,1,0,1
00738.png,VI,5,0.4723343074321747,1,4,1
00760.png,VI,0,0.0,0,0,1
00762.png,VI,1,0.9031429886817932,1,0,1
00769.png,VI,0,0.0,0,0,0
00787.png,VI,1,0.7029183506965637,1,0,2
00800.png,VI,0,0.0,0,0,0
00801.png,VI,2,0.6213433742523193,1,1,2
00805.png,VI,2,0.5769552290439606,2,0,3
00818.png,VI,1,0.8074172139167786,1,0,1
00825.png,VI,4,0.8527245372533798,3,1,3
00826.png,VI,3,0.7381852666536967,3,0,3
00829.png,VI,3,0.7593535582224528,3,0,4
00834.png,VI,4,0.5833771452307701,2,2,3
00857.png,VI,3,0.34906473755836487,1,2,2
00867.png,VI,1,0.6762920618057251,1,0,2
00871.png,VI,2,0.5175344496965408,1,1,3
00878.png,VI,2,0.5817873924970627,1,1,3
00896.png,VI,1,0.3758706748485565,0,1,2
00910.png,VI,0,0.0,0,0,2
00916.png,VI,0,0.0,0,0,2
00922.png,VI,1,0.26944029331207275,0,1,2
00926.png,VI,0,0.0,0,0,2
00950.png,VI,1,0.9048084616661072,1,0,3
00958.png,VI,1,0.3147486448287964,0,1,3
00965.png,VI,0,0.0,0,0,3
00976.png,VI,9,0.6609350343545278,8,1,9
00994.png,VI,8,0.494575809687376,4,4,5
01017.png,VI,4,0.6887555420398712,3,1,3
01034.png,VI,1,0.7275041937828064,1,0,5
01043.png,VI,5,0.5976993620395661,4,1,5
01079.png,VI,0,0.0,0,0,0
01093.png,VI,5,0.7603678584098816,5,0,5
01101.png,VI,6,0.6104182501633962,5,1,5
01115.png,VI,2,0.6109036505222321,1,1,4
01122.png,VI,4,0.5119786784052849,2,2,3
01136.png,VI,2,0.7558710873126984,2,0,2
01147.png,VI,2,0.5299798995256424,2,0,2
01156.png,VI,1,0.6293957829475403,1,0,2
01165.png,VI,2,0.5957408845424652,1,1,2
01186.png,VI,9,0.46399851971202427,4,5,6
01204.png,VI,4,0.5655086934566498,2,2,3
01212.png,VI,4,0.5624982491135597,2,2,3
01223.png,VI,8,0.4979413077235222,5,3,7
01227.png,VI,2,0.5818680673837662,1,1,4
01242.png,VI,4,0.6140011101961136,2,2,2
01249.png,VI,2,0.5521373897790909,1,1,1
01267.png,VI,0,0.0,0,0,0
01270.png,VI,0,0.0,0,0,3
01299.png,VI,0,0.0,0,0,4
01301.png,VI,2,0.7944775819778442,2,0,2
01320.png,VI,2,0.780953973531723,2,0,2
01331.png,VI,2,0.8488178253173828,2,0,2
01345.png,VI,0,0.0,0,0,0
01388.png,VI,0,0.0,0,0,0
01393.png,VI,3,0.4807898203531901,1,2,1
01406.png,VI,2,0.7018555104732513,1,1,1
01413.png,VI,1,0.8371931314468384,1,0,1
01415.png,VI,1,0.7970090508460999,1,0,1
01422.png,VI,3,0.7730425993601481,2,1,2
01432.png,VI,0,0.0,0,0,0
01437.png,VI,0,0.0,0,0,0
01442.png,VI,0,0.0,0,0,3
01443.png,VI,2,0.3250947445631027,0,2,3
01454.png,VI,13,0.4537998758829557,4,9,6
01462.png,VI,11,0.406498754566366,1,10,2
01471.png,VI,11,0.41517881642688403,3,8,4
01482.png,VI,9,0.40994778606626725,2,7,3
01486.png,VI,13,0.47637409888781035,4,9,4
01492.png,VI,9,0.4383193585607741,2,7,2
01494.png,VI,3,0.893024742603302,3,0,3
01505.png,VI,2,0.7118185460567474,2,0,2
01511.png,VI,2,0.5376147478818893,1,1,1
01527.png,VI,3,0.7808313568433126,2,1,2
01531.png,VI,0,0.0,0,0,0
01547.png,VI,0,0.0,0,0,0
01562.png,VI,0,0.0,0,0,0
01579.png,VI,0,0.0,0,0,0
01584.png,VI,9,0.6075905164082845,8,1,8
01587.png,VI,9,0.5452531410588158,7,2,8
01599.png,VI,6,0.5755308568477631,4,2,4
01608.png,VI,8,0.5602680630981922,6,2,6
01640.png,VI,2,0.6177026927471161,2,0,2
01659.png,VI,6,0.4416547218958537,3,3,4
01670.png,VI,7,0.6920494309493473,5,2,5
01673.png,VI,7,0.606930251632418,6,1,7
01707.png,VI,2,0.8276386857032776,2,0,2
01710.png,VI,5,0.4908200979232788,2,3,2
01724.png,VI,4,0.5137901157140732,2,2,2
01729.png,VI,5,0.45977361798286437,2,3,2
01741.png,VI,4,0.5457625091075897,2,2,2
01760.png,VI,3,0.5958200693130493,2,1,2
01773.png,VI,2,0.571653813123703,1,1,1
01779.png,VI,3,0.6783949931462606,2,1,2
01783.png,VI,3,0.6118045846621195,2,1,2
01789.png,VI,3,0.6733954946200053,2,1,2
01803.png,VI,2,0.8697523474693298,2,0,2
01806.png,VI,2,0.8802982270717621,2,0,2
01807.png,VI,3,0.6853082577387491,2,1,2
01811.png,VI,2,0.8951595425605774,2,0,2
01828.png,VI,3,0.6453917721907297,2,1,2
01845.png,VI,8,0.6091895736753941,2,6,2
01856.png,VI,9,0.5364842845333947,2,7,2
01861.png,VI,6,0.5940215637286504,2,4,2
01867.png,VI,0,0.0,0,0,0
01899.png,VI,1,0.8238506317138672,1,0,1
01911.png,VI,1,0.8011631965637207,1,0,1
01912.png,VI,2,0.7329941987991333,1,1,2
01913.png,VI,2,0.7745543718338013,2,0,2
01919.png,VI,2,0.7900263965129852,2,0,2
01929.png,VI,2,0.8048805594444275,2,0,2
01937.png,VI,10,0.49059972167015076,6,4,7
01947.png,VI,12,0.42870695640643436,6,6,6
01954.png,VI,13,0.4510998038145212,8,5,8
01963.png,VI,7,0.5244023885045733,4,3,6
01977.png,VI,7,0.43505158168928965,3,4,3
01981.png,VI,5,0.4304163992404938,2,3,2
01985.png,VI,7,0.3871605694293976,3,4,3
01994.png,VI,5,0.6944567143917084,4,1,4
01996.png,VI,4,0.7898283898830414,4,0,4
02002.png,VI,6,0.6178257415692011,4,2,4
02011.png,VI,4,0.7461903542280197,4,0,4
02033.png,VI,3,0.7351287404696146,3,0,3
02045.png,VI,13,0.5619275180193094,7,6,7
02073.png,VI,10,0.7038096904754638,9,1,9
02083.png,VI,8,0.7296851500868797,7,1,8
02090.png,VI,13,0.5747475486535293,8,5,8
02102.png,VI,8,0.5159969888627529,4,4,4
02119.png,VI,10,0.5659861415624619,6,4,6
02120.png,VI,11,0.6755866327069022,9,2,9
02142.png,VI,5,0.7295261025428772,4,1,4
02163.png,VI,7,0.5423751601151058,3,4,3
02180.png,VI,6,0.5892889002958933,4,2,4
02195.png,VI,13,0.5884190247609065,11,2,13
02213.png,VI,12,0.6717022632559141,11,1,11
02233.png,VI,9,0.610118524895774,4,5,5
02236.png,VI,12,0.5315537999073664,5,7,7
02249.png,VI,6,0.7239369948705038,6,0,7
02278.png,VI,5,0.8151715278625489,5,0,6
02296.png,VI,8,0.6961665078997612,7,1,8
02310.png,VI,3,0.6875149408976237,3,0,3
02317.png,VI,9,0.6426298254066043,8,1,8
02322.png,VI,5,0.5438080072402954,3,2,3
02337.png,VI,2,0.6795810461044312,2,0,2
02352.png,VI,3,0.626143624385198,2,1,2
02369.png,VI,3,0.7820997834205627,3,0,3
02394.png,VI,4,0.7586131766438484,3,1,3
02405.png,VI,5,0.6381738424301148,4,1,4
02440.png,VI,3,0.6077700654665629,3,0,3
02450.png,VI,3,0.6046709418296814,3,0,3
02455.png,VI,6,0.6427840739488602,6,0,6
02464.png,VI,10,0.5400292426347733,6,4,8
02473.png,VI,15,0.5421094993750254,9,6,10
02478.png,VI,9,0.6799513498942057,8,1,8
02486.png,VI,7,0.543629697390965,4,3,5
02495.png,VI,11,0.43155827576463873,3,8,3
02522.png,VI,3,0.5234707196553549,2,1,3
02527.png,VI,0,0.0,0,0,1
02530.png,VI,0,0.0,0,0,1
02533.png,VI,1,0.28632688522338867,0,1,2
02544.png,VI,3,0.5247553388277689,2,1,2
02556.png,VI,5,0.6412696242332458,4,1,4
02572.png,VI,6,0.5738376627365748,5,1,8
02606.png,VI,7,0.6069074784006391,4,3,5
02611.png,VI,4,0.7423426955938339,4,0,4
02624.png,VI,10,0.6025372684001923,6,4,6
02641.png,VI,1,0.751095712184906,1,0,5
02651.png,VI,2,0.5130831152200699,1,1,2
02658.png,VI,5,0.7871919751167298,5,0,6
02667.png,VI,6,0.7213396926720937,6,0,6
02709.png,VI,10,0.6557141810655593,8,2,10
02720.png,VI,9,0.6116360558403863,6,3,6
02731.png,VI,6,0.7067557324965795,6,0,6
02739.png,VI,3,0.6263387799263,2,1,2
02754.png,VI,1,0.8930459022521973,1,0,1
02757.png,VI,2,0.5715682357549667,1,1,1
02762.png,VI,2,0.3807988315820694,0,2,0
02778.png,VI,0,0.0,0,0,0
02786.png,VI,2,0.5791576206684113,1,1,2
02816.png,VI,4,0.7590727061033249,4,0,4
02821.png,VI,4,0.7254201173782349,3,1,3
02846.png,VI,1,0.8671039342880249,1,0,1
02860.png,VI,3,0.7570654551188151,2,1,2
02869.png,VI,3,0.8481229543685913,3,0,3
02896.png,VI,3,0.6215250790119171,2,1,2
02956.png,VI,12,0.5586510598659515,9,3,10
03019.png,VI,5,0.7630761504173279,5,0,7
03045.png,VI,8,0.6056743487715721,8,0,8
03100.png,VI,3,0.8824240962664286,3,0,3
03109.png,VI,6,0.7581679423650106,6,0,7
03143.png,VI,5,0.85066899061203,5,0,5
03173.png,VI,3,0.7062910397847494,3,0,34
03219.png,VI,11,0.5967216356234117,8,3,10
03260.png,VI,12,0.6745982021093369,10,2,10
03281.png,VI,10,0.620183989405632,5,5,5
03289.png,VI,11,0.6704413294792175,9,2,9
03354.png,VI,5,0.5987980186939239,4,1,5
03375.png,VI,6,0.5797765155633291,4,2,5
03381.png,VI,20,0.5272425428032875,13,7,13
03409.png,VI,17,0.5509825857246623,9,8,9
03417.png,VI,9,0.5564776460329691,6,3,6
03433.png,VI,7,0.65848622577531,5,2,6
03438.png,VI,16,0.4976210277527571,8,8,9
03462.png,VI,9,0.6126453147994148,6,3,6
03473.png,VI,9,0.6241627666685317,8,1,8
03575.png,VI,18,0.6236132780710856,15,3,15
03589.png,VI,10,0.6625570237636567,9,1,9
03600.png,VI,13,0.5931538664377652,9,4,9
03640.png,VI,13,0.5522778836580423,8,5,8
03708.png,VI,8,0.6595600061118603,6,2,7
03719.png,VI,5,0.5393566787242889,2,3,2
03769.png,VI,9,0.7413676480452219,8,1,8
03813.png,VI,5,0.7995831131935119,5,0,5
03836.png,VI,7,0.6774128930909293,6,1,6
03878.png,VI,7,0.5259889279093061,5,2,6
03989.png,VI,10,0.6336008787155152,9,1,12
04006.png,VI,3,0.6963816483815511,2,1,2
04018.png,VI,2,0.5852420032024384,1,1,2
04026.png,VI,2,0.5555428713560104,1,1,2
04053.png,VI,3,0.6941686073939005,3,0,6
04092.png,VI,4,0.7495716512203217,4,0,4
04160.png,VI,9,0.7070415914058685,8,1,8
00000.png,FusionMamba,9,0.6965826683574252,9,0,9
00011.png,FusionMamba,10,0.7092663079500199,9,1,9
00025.png,FusionMamba,9,0.6100081668959724,7,2,7
00031.png,FusionMamba,9,0.6934838394323984,8,1,8
00033.png,FusionMamba,10,0.6937150895595551,9,1,10
00042.png,FusionMamba,7,0.7380549354212624,7,0,7
00061.png,FusionMamba,6,0.5535758634408315,5,1,5
00071.png,FusionMamba,5,0.48240017890930176,3,2,3
00082.png,FusionMamba,4,0.6671872213482857,3,1,3
00097.png,FusionMamba,3,0.49197713534037274,2,1,2
00107.png,FusionMamba,3,0.5936791002750397,3,0,3
00112.png,FusionMamba,16,0.5592557787895203,13,3,14
00118.png,FusionMamba,14,0.46918123960494995,8,6,9
00147.png,FusionMamba,16,0.6526841260492802,15,1,16
00149.png,FusionMamba,9,0.6012693842252096,6,3,6
00150.png,FusionMamba,9,0.6982567210992178,8,1,8
00159.png,FusionMamba,8,0.7911438047885895,8,0,8
00177.png,FusionMamba,11,0.684595297683369,10,1,10
00196.png,FusionMamba,10,0.6176957190036774,10,0,10
00202.png,FusionMamba,11,0.5958328436721455,10,1,10
00210.png,FusionMamba,6,0.6670387834310532,5,1,6
00215.png,FusionMamba,6,0.6346346735954285,4,2,4
00232.png,FusionMamba,8,0.4723154716193676,5,3,6
00242.png,FusionMamba,10,0.49026465117931367,7,3,7
00255.png,FusionMamba,2,0.8015069961547852,1,1,1
00274.png,FusionMamba,3,0.6540058453877767,2,1,2
00284.png,FusionMamba,4,0.5606427937746048,2,2,2
00290.png,FusionMamba,4,0.706374391913414,2,2,2
00306.png,FusionMamba,4,0.7903062701225281,2,2,2
00320.png,FusionMamba,4,0.6961385607719421,2,2,2
00325.png,FusionMamba,1,0.8150609135627747,1,0,1
00334.png,FusionMamba,1,0.6341215968132019,1,0,1
00339.png,FusionMamba,0,0.0,0,0,0
00349.png,FusionMamba,1,0.8904892206192017,1,0,1
00353.png,FusionMamba,1,0.8719180226325989,1,0,1
00370.png,FusionMamba,1,0.8594790101051331,1,0,1
00385.png,FusionMamba,2,0.6736027896404266,1,1,1
00386.png,FusionMamba,7,0.5925006142684391,7,0,7
00388.png,FusionMamba,11,0.5194351483475078,11,0,11
00389.png,FusionMamba,9,0.5193784402476417,7,2,8
00390.png,FusionMamba,8,0.6088295951485634,6,2,7
00400.png,FusionMamba,7,0.5545292241232735,5,2,5
00405.png,FusionMamba,13,0.5177847376236548,9,4,11
00409.png,FusionMamba,9,0.5534388522307078,8,1,8
00419.png,FusionMamba,3,0.7099140584468842,2,1,2
00421.png,FusionMamba,8,0.614845983684063,5,3,8
00434.png,FusionMamba,12,0.5956388413906097,11,1,11
00441.png,FusionMamba,9,0.6264497008588579,9,0,9
00443.png,FusionMamba,5,0.715883594751358,4,1,4
00449.png,FusionMamba,6,0.7312601755062739,6,0,6
00453.png,FusionMamba,5,0.6773406267166138,4,1,4
00461.png,FusionMamba,6,0.6010437806447347,4,2,4
00479.png,FusionMamba,5,0.7183817207813263,4,1,4
00489.png,FusionMamba,6,0.6413349211215973,5,1,5
00497.png,FusionMamba,8,0.5244076400995255,6,2,6
00512.png,FusionMamba,9,0.5811889237827725,6,3,6
00525.png,FusionMamba,7,0.7243069793496814,6,1,6
00527.png,FusionMamba,9,0.5421562327278985,7,2,7
00537.png,FusionMamba,11,0.6484222493388436,10,1,10
00555.png,FusionMamba,9,0.5825926396581862,8,1,9
00572.png,FusionMamba,10,0.5919586598873139,9,1,11
00587.png,FusionMamba,9,0.4941317074828678,6,3,7
00606.png,FusionMamba,10,0.5861975103616714,7,3,7
00621.png,FusionMamba,11,0.5096692578359083,7,4,7
00633.png,FusionMamba,7,0.7754510726247515,7,0,7
00643.png,FusionMamba,1,0.6032748818397522,1,0,1
00652.png,FusionMamba,4,0.4347170889377594,1,3,2
00653.png,FusionMamba,3,0.449327419201533,2,1,2
00661.png,FusionMamba,3,0.7844709952672323,3,0,3
00671.png,FusionMamba,3,0.883540670077006,3,0,5
00676.png,FusionMamba,5,0.6852797925472259,4,1,4
00677.png,FusionMamba,6,0.515996977686882,6,0,6
00687.png,FusionMamba,8,0.46180836111307144,7,1,7
00697.png,FusionMamba,5,0.5351085722446441,5,0,6
00712.png,FusionMamba,1,0.7894039154052734,1,0,1
00716.png,FusionMamba,1,0.7795369029045105,1,0,1
00719.png,FusionMamba,0,0.0,0,0,0
00725.png,FusionMamba,1,0.9185113310813904,1,0,1
00726.png,FusionMamba,1,0.9231675267219543,1,0,1
00738.png,FusionMamba,3,0.4085692862669627,1,2,1
00760.png,FusionMamba,1,0.5830124616622925,1,0,1
00762.png,FusionMamba,1,0.8766534924507141,1,0,1
00769.png,FusionMamba,1,0.3344983458518982,0,1,0
00787.png,FusionMamba,2,0.6731484979391098,2,0,2
00800.png,FusionMamba,2,0.3085823059082031,0,2,0
00801.png,FusionMamba,2,0.7068955302238464,2,0,2
00805.png,FusionMamba,3,0.6446011066436768,3,0,3
00818.png,FusionMamba,2,0.45610104501247406,1,1,1
00825.png,FusionMamba,5,0.7417195260524749,3,2,3
00826.png,FusionMamba,3,0.8372893134752909,3,0,3
00829.png,FusionMamba,4,0.7252013087272644,4,0,4
00834.png,FusionMamba,4,0.6568388938903809,3,1,3
00857.png,FusionMamba,3,0.46502349774042767,2,1,2
00867.png,FusionMamba,3,0.5127238730589548,2,1,2
00871.png,FusionMamba,5,0.6646411061286926,3,2,3
00878.png,FusionMamba,5,0.668813169002533,3,2,3
00896.png,FusionMamba,2,0.7075173258781433,2,0,2
00910.png,FusionMamba,2,0.7748761475086212,2,0,2
00916.png,FusionMamba,2,0.8542274236679077,2,0,2
00922.png,FusionMamba,3,0.6096059481302897,2,1,2
00926.png,FusionMamba,2,0.7252010107040405,2,0,2
00950.png,FusionMamba,4,0.5622528344392776,3,1,3
00958.png,FusionMamba,3,0.7139556010564169,3,0,3
00965.png,FusionMamba,3,0.7737603584925333,3,0,3
00976.png,FusionMamba,12,0.5217326035102209,9,3,9
00994.png,FusionMamba,8,0.532633014023304,4,4,5
01017.png,FusionMamba,3,0.7991813023885092,3,0,3
01034.png,FusionMamba,6,0.5298015276590983,5,1,5
01043.png,FusionMamba,6,0.6209096809228262,5,1,5
01079.png,FusionMamba,0,0.0,0,0,0
01093.png,FusionMamba,6,0.6779401650031408,5,1,5
01101.png,FusionMamba,6,0.5522553970416387,5,1,5
01115.png,FusionMamba,5,0.4627882957458496,4,1,4
01122.png,FusionMamba,5,0.4941145539283752,3,2,3
01136.png,FusionMamba,3,0.6256258388360342,2,1,2
01147.png,FusionMamba,2,0.5342117846012115,2,0,2
01156.png,FusionMamba,2,0.7999898791313171,2,0,2
01165.png,FusionMamba,1,0.8993405699729919,1,0,2
01186.png,FusionMamba,7,0.4927867906434195,5,2,6
01204.png,FusionMamba,6,0.5166857540607452,3,3,3
01212.png,FusionMamba,3,0.7717446486155192,3,0,3
01223.png,FusionMamba,10,0.4904066830873489,7,3,7
01227.png,FusionMamba,4,0.6109665185213089,3,1,4
01242.png,FusionMamba,2,0.8258278369903564,2,0,2
01249.png,FusionMamba,2,0.5878574997186661,1,1,1
01267.png,FusionMamba,1,0.2518145740032196,0,1,0
01270.png,FusionMamba,3,0.5173203647136688,3,0,3
01299.png,FusionMamba,3,0.513135294119517,3,0,4
01301.png,FusionMamba,2,0.7719036638736725,2,0,2
01320.png,FusionMamba,2,0.7248846590518951,2,0,2
01331.png,FusionMamba,2,0.8221736550331116,2,0,2
01345.png,FusionMamba,0,0.0,0,0,0
01388.png,FusionMamba,0,0.0,0,0,0
01393.png,FusionMamba,1,0.8430856466293335,1,0,1
01406.png,FusionMamba,2,0.5571519285440445,1,1,1
01413.png,FusionMamba,1,0.7801955342292786,1,0,1
01415.png,FusionMamba,1,0.7292665839195251,1,0,1
01422.png,FusionMamba,1,0.8367511034011841,1,0,2
01432.png,FusionMamba,0,0.0,0,0,0
01437.png,FusionMamba,0,0.0,0,0,0
01442.png,FusionMamba,4,0.5827886313199997,3,1,3
01443.png,FusionMamba,4,0.5999181941151619,3,1,3
01454.png,FusionMamba,6,0.4158664991458257,4,2,6
01462.png,FusionMamba,2,0.5601485967636108,2,0,2
01471.png,FusionMamba,3,0.4554497003555298,3,0,4
01482.png,FusionMamba,4,0.3710000216960907,2,2,3
01486.png,FusionMamba,6,0.4156647324562073,2,4,4
01492.png,FusionMamba,2,0.270498663187027,0,2,2
01494.png,FusionMamba,3,0.8741625547409058,3,0,3
01505.png,FusionMamba,1,0.6706302165985107,1,0,2
01511.png,FusionMamba,1,0.7499815821647644,1,0,1
01527.png,FusionMamba,2,0.8640393912792206,2,0,2
01531.png,FusionMamba,0,0.0,0,0,0
01547.png,FusionMamba,0,0.0,0,0,0
01562.png,FusionMamba,0,0.0,0,0,0
01579.png,FusionMamba,0,0.0,0,0,0
01584.png,FusionMamba,12,0.5295875842372576,8,4,8
01587.png,FusionMamba,8,0.5550285689532757,7,1,8
01599.png,FusionMamba,8,0.4896853491663933,4,4,4
01608.png,FusionMamba,9,0.5573826928933462,6,3,6
01640.png,FusionMamba,3,0.4445402920246124,2,1,2
01659.png,FusionMamba,7,0.4538003461701529,4,3,4
01670.png,FusionMamba,10,0.46193214058876036,5,5,5
01673.png,FusionMamba,7,0.5332893005439213,6,1,7
01707.png,FusionMamba,2,0.833490639925003,2,0,2
01710.png,FusionMamba,2,0.7241300642490387,2,0,2
01724.png,FusionMamba,3,0.47029103835423786,2,1,2
01729.png,FusionMamba,3,0.5434405704339346,2,1,2
01741.png,FusionMamba,2,0.696114718914032,2,0,2
01760.png,FusionMamba,3,0.5004851321379343,2,1,2
01773.png,FusionMamba,3,0.48849184314409894,1,2,1
01779.png,FusionMamba,3,0.6052159468332926,2,1,2
01783.png,FusionMamba,3,0.5997658769289652,2,1,2
01789.png,FusionMamba,3,0.6368898550669352,2,1,2
01803.png,FusionMamba,2,0.8278420865535736,2,0,2
01806.png,FusionMamba,2,0.8786151111125946,2,0,2
01807.png,FusionMamba,2,0.8206082880496979,2,0,2
01811.png,FusionMamba,2,0.8954721093177795,2,0,2
01828.png,FusionMamba,2,0.8299160003662109,2,0,2
01845.png,FusionMamba,5,0.5907166659832,2,3,2
01856.png,FusionMamba,7,0.551077378647668,2,5,2
01861.png,FusionMamba,4,0.6003730818629265,2,2,2
01867.png,FusionMamba,0,0.0,0,0,0
01899.png,FusionMamba,2,0.5566253066062927,1,1,1
01911.png,FusionMamba,1,0.7712556719779968,1,0,1
01912.png,FusionMamba,3,0.5293721357981364,2,1,2
01913.png,FusionMamba,2,0.7342455387115479,2,0,2
01919.png,FusionMamba,3,0.6252487401167551,2,1,2
01929.png,FusionMamba,2,0.6470939368009567,2,0,2
01937.png,FusionMamba,11,0.44631876999681647,6,5,7
01947.png,FusionMamba,10,0.441629084944725,6,4,6
01954.png,FusionMamba,11,0.4113972322507338,8,3,8
01963.png,FusionMamba,9,0.4261452754338582,6,3,6
01977.png,FusionMamba,3,0.560900459686915,3,0,3
01981.png,FusionMamba,2,0.6155006885528564,2,0,2
01985.png,FusionMamba,5,0.43595774173736573,3,2,3
01994.png,FusionMamba,4,0.7755082845687866,4,0,4
01996.png,FusionMamba,4,0.7792627513408661,4,0,4
02002.png,FusionMamba,4,0.7044199779629707,3,1,4
02011.png,FusionMamba,4,0.7482176572084427,4,0,4
02033.png,FusionMamba,3,0.7888767719268799,3,0,3
02045.png,FusionMamba,7,0.6407756933144161,6,1,7
02073.png,FusionMamba,8,0.7100922912359238,8,0,9
02083.png,FusionMamba,9,0.6014912459585402,7,2,8
02090.png,FusionMamba,8,0.6681612357497215,8,0,8
02102.png,FusionMamba,4,0.4784597009420395,3,1,4
02119.png,FusionMamba,6,0.5117129335800806,5,1,6
02120.png,FusionMamba,7,0.6125960350036621,7,0,9
02142.png,FusionMamba,3,0.568035344282786,3,0,4
02163.png,FusionMamba,5,0.4663557231426239,3,2,3
02180.png,FusionMamba,6,0.4852027048667272,4,2,4
02195.png,FusionMamba,11,0.5062396038662303,11,0,13
02213.png,FusionMamba,11,0.7275032726201144,11,0,11
02233.png,FusionMamba,6,0.5755464186271032,5,1,5
02236.png,FusionMamba,11,0.5182968757369302,7,4,7
02249.png,FusionMamba,6,0.658981035153071,6,0,7
02278.png,FusionMamba,5,0.745640879869461,5,0,6
02296.png,FusionMamba,8,0.6615010909736156,7,1,8
02310.png,FusionMamba,4,0.6369661465287209,3,1,3
02317.png,FusionMamba,10,0.495066249370575,8,2,8
02322.png,FusionMamba,3,0.5365350345770518,3,0,3
02337.png,FusionMamba,5,0.4617062985897064,2,3,2
02352.png,FusionMamba,2,0.8446813523769379,2,0,2
02369.png,FusionMamba,3,0.8017211755116781,3,0,3
02394.png,FusionMamba,4,0.6348409131169319,3,1,3
02405.png,FusionMamba,4,0.6676784008741379,4,0,4
02440.png,FusionMamba,3,0.6739339629809061,3,0,3
02450.png,FusionMamba,3,0.63291863600413,3,0,3
02455.png,FusionMamba,8,0.46192362904548645,5,3,6
02464.png,FusionMamba,9,0.5738955305682288,8,1,8
02473.png,FusionMamba,11,0.5147127238186923,8,3,10
02478.png,FusionMamba,9,0.6710730459955003,8,1,8
02486.png,FusionMamba,7,0.5128377377986908,5,2,5
02495.png,FusionMamba,3,0.5656662185986837,2,1,3
02522.png,FusionMamba,5,0.4675102233886719,3,2,3
02527.png,FusionMamba,2,0.32793793082237244,1,1,1
02530.png,FusionMamba,1,0.4105667471885681,0,1,1
02533.png,FusionMamba,3,0.3088800311088562,2,1,2
02544.png,FusionMamba,2,0.4824029505252838,2,0,2
02556.png,FusionMamba,3,0.5948331654071808,2,1,4
02572.png,FusionMamba,4,0.4984637051820755,4,0,8
02606.png,FusionMamba,4,0.6500408500432968,4,0,5
02611.png,FusionMamba,5,0.5620187640190124,4,1,4
02624.png,FusionMamba,6,0.5667105118433634,6,0,6
02641.png,FusionMamba,5,0.35139312148094176,4,1,5
02651.png,FusionMamba,1,0.28939542174339294,1,0,2
02658.png,FusionMamba,5,0.6315905332565308,5,0,6
02667.png,FusionMamba,7,0.4740476097379412,5,2,6
02709.png,FusionMamba,10,0.4921091228723526,9,1,10
02720.png,FusionMamba,6,0.6660002966721853,5,1,6
02731.png,FusionMamba,6,0.6555282274881998,6,0,6
02739.png,FusionMamba,2,0.8190964758396149,2,0,2
02754.png,FusionMamba,1,0.8698121905326843,1,0,1
02757.png,FusionMamba,1,0.8671903610229492,1,0,1
02762.png,FusionMamba,1,0.27348172664642334,0,1,0
02778.png,FusionMamba,1,0.3603837490081787,0,1,0
02786.png,FusionMamba,3,0.520869513352712,2,1,2
02816.png,FusionMamba,4,0.768436923623085,4,0,4
02821.png,FusionMamba,3,0.8785333236058553,3,0,3
02846.png,FusionMamba,2,0.5708852559328079,1,1,1
02860.png,FusionMamba,2,0.8708139657974243,2,0,2
02869.png,FusionMamba,3,0.821128249168396,3,0,3
02896.png,FusionMamba,2,0.6086206138134003,1,1,2
02956.png,FusionMamba,11,0.548668996854262,8,3,10
03019.png,FusionMamba,8,0.6114447265863419,7,1,7
03045.png,FusionMamba,9,0.5847561160723368,8,1,8
03100.png,FusionMamba,3,0.8654599984486898,3,0,3
03109.png,FusionMamba,6,0.6201835324366888,6,0,7
03143.png,FusionMamba,4,0.7459467053413391,4,0,5
03173.png,FusionMamba,300,1.0,9,291,34
03219.png,FusionMamba,11,0.5445776365020059,9,2,10
03260.png,FusionMamba,8,0.63309321179986,7,1,10
03281.png,FusionMamba,3,0.6279866993427277,2,1,5
03289.png,FusionMamba,8,0.6220851577818394,7,1,9
03354.png,FusionMamba,6,0.48636792600154877,5,1,5
03375.png,FusionMamba,4,0.6790216341614723,4,0,5
03381.png,FusionMamba,15,0.5474975188573201,13,2,13
03409.png,FusionMamba,15,0.5426049570242564,9,6,9
03417.png,FusionMamba,6,0.5518493254979452,6,0,6
03433.png,FusionMamba,7,0.7443353235721588,6,1,6
03438.png,FusionMamba,15,0.4712311506271362,8,7,9
03462.png,FusionMamba,9,0.5749154455131955,6,3,6
03473.png,FusionMamba,9,0.6658861868911319,8,1,8
03575.png,FusionMamba,17,0.6160348548608667,15,2,15
03589.png,FusionMamba,10,0.6563935548067092,9,1,9
03600.png,FusionMamba,15,0.5334755559762319,9,6,9
03640.png,FusionMamba,12,0.49115335444609326,8,4,8
03708.png,FusionMamba,8,0.49690084159374237,6,2,7
03719.png,FusionMamba,2,0.8584345281124115,2,0,2
03769.png,FusionMamba,8,0.7684134989976883,8,0,8
03813.png,FusionMamba,5,0.7779319167137146,5,0,5
03836.png,FusionMamba,7,0.6546408534049988,6,1,6
03878.png,FusionMamba,6,0.7360813121000925,6,0,6
03989.png,FusionMamba,11,0.6337772770361467,10,1,12
04006.png,FusionMamba,3,0.5422341624895731,2,1,2
04018.png,FusionMamba,2,0.8237112164497375,2,0,2
04026.png,FusionMamba,2,0.8055512309074402,2,0,2
04053.png,FusionMamba,6,0.7195531328519186,6,0,6
04092.png,FusionMamba,5,0.7306594371795654,4,1,4
04160.png,FusionMamba,8,0.7723182179033756,8,0,8
00000.png,ITFuse,10,0.6863856613636017,9,1,9
00011.png,ITFuse,10,0.7148798793554306,9,1,9
00025.png,ITFuse,9,0.5401997400654687,7,2,7
00031.png,ITFuse,8,0.7100150063633919,8,0,8
00033.png,ITFuse,10,0.682631179690361,10,0,10
00042.png,ITFuse,7,0.7319211321217673,7,0,7
00061.png,ITFuse,8,0.4469181187450886,5,3,5
00071.png,ITFuse,5,0.44464007019996643,3,2,3
00082.png,ITFuse,5,0.6231809079647064,3,2,3
00097.png,ITFuse,1,0.6546292901039124,1,0,2
00107.png,ITFuse,5,0.46146008372306824,3,2,3
00112.png,ITFuse,15,0.5714022099971772,13,2,14
00118.png,ITFuse,15,0.4833844800790151,9,6,9
00147.png,ITFuse,15,0.6412815789381663,14,1,16
00149.png,ITFuse,8,0.6693115271627903,6,2,6
00150.png,ITFuse,9,0.6691416965590583,8,1,8
00159.png,ITFuse,9,0.7491144239902496,8,1,8
00177.png,ITFuse,11,0.6613828675313429,10,1,10
00196.png,ITFuse,10,0.5992083966732025,10,0,10
00202.png,ITFuse,10,0.575506517291069,10,0,10
00210.png,ITFuse,6,0.6765103936195374,6,0,6
00215.png,ITFuse,5,0.6855490744113922,4,1,4
00232.png,ITFuse,6,0.5463318675756454,6,0,6
00242.png,ITFuse,9,0.48898746569951373,7,2,7
00255.png,ITFuse,2,0.7991065680980682,1,1,1
00274.png,ITFuse,3,0.5675886670748392,2,1,2
00284.png,ITFuse,4,0.5510900020599365,2,2,2
00290.png,ITFuse,4,0.7068942338228226,2,2,2
00306.png,ITFuse,4,0.789915144443512,2,2,2
00320.png,ITFuse,4,0.7026470601558685,2,2,2
00325.png,ITFuse,1,0.8161515593528748,1,0,1
00334.png,ITFuse,1,0.649215579032898,1,0,1
00339.png,ITFuse,0,0.0,0,0,0
00349.png,ITFuse,1,0.8953678011894226,1,0,1
00353.png,ITFuse,1,0.8746659755706787,1,0,1
00370.png,ITFuse,1,0.8621397018432617,1,0,1
00385.png,ITFuse,2,0.5934866666793823,1,1,1
00386.png,ITFuse,8,0.5429298616945744,7,1,7
00388.png,ITFuse,12,0.5468807096282641,11,1,11
00389.png,ITFuse,11,0.4476401534947482,7,4,8
00390.png,ITFuse,9,0.5448056624995338,7,2,7
00400.png,ITFuse,9,0.4816885060734219,5,4,5
00405.png,ITFuse,12,0.527071995039781,9,3,11
00409.png,ITFuse,9,0.624648951821857,7,2,8
00419.png,ITFuse,3,0.6892514626185099,2,1,2
00421.png,ITFuse,10,0.579089242219925,7,3,8
00434.png,ITFuse,12,0.6233066096901894,11,1,11
00441.png,ITFuse,9,0.6170264548725553,9,0,9
00443.png,ITFuse,4,0.7648444175720215,4,0,4
00449.png,ITFuse,6,0.7502810955047607,6,0,6
00453.png,ITFuse,4,0.7151079922914505,4,0,4
00461.png,ITFuse,6,0.5888197223345438,4,2,4
00479.png,ITFuse,5,0.724288809299469,4,1,4
00489.png,ITFuse,7,0.6055591957909721,5,2,5
00497.png,ITFuse,8,0.5484828911721706,6,2,6
00512.png,ITFuse,10,0.5683671593666076,6,4,6
00525.png,ITFuse,7,0.7305354050227574,6,1,6
00527.png,ITFuse,6,0.6970217625300089,6,0,7
00537.png,ITFuse,12,0.5974501967430115,10,2,10
00555.png,ITFuse,12,0.5495663558443388,9,3,9
00572.png,ITFuse,9,0.6311986181471083,8,1,11
00587.png,ITFuse,8,0.5434508696198463,6,2,7
00606.png,ITFuse,9,0.6611628532409668,7,2,7
00621.png,ITFuse,7,0.6103721644197192,7,0,7
00633.png,ITFuse,8,0.725106205791235,7,1,7
00643.png,ITFuse,1,0.5360024571418762,1,0,1
00652.png,ITFuse,4,0.3615521937608719,2,2,2
00653.png,ITFuse,4,0.40473461151123047,2,2,2
00661.png,ITFuse,4,0.6781155914068222,3,1,3
00671.png,ITFuse,5,0.7668105006217957,5,0,5
00676.png,ITFuse,5,0.708326232433319,4,1,4
00677.png,ITFuse,5,0.5093698680400849,5,0,6
00687.png,ITFuse,9,0.5093248155381944,7,2,7
00697.png,ITFuse,7,0.4440833628177643,5,2,6
00712.png,ITFuse,1,0.7829715609550476,1,0,1
00716.png,ITFuse,2,0.5529968440532684,1,1,1
00719.png,ITFuse,0,0.0,0,0,0
00725.png,ITFuse,1,0.9142919778823853,1,0,1
00726.png,ITFuse,1,0.9180075526237488,1,0,1
00738.png,ITFuse,1,0.6857035756111145,1,0,1
00760.png,ITFuse,1,0.613700807094574,1,0,1
00762.png,ITFuse,1,0.8705356121063232,1,0,1
00769.png,ITFuse,1,0.25640201568603516,0,1,0
00787.png,ITFuse,3,0.5715265373388926,2,1,2
00800.png,ITFuse,1,0.4953612685203552,0,1,0
00801.png,ITFuse,2,0.6984995901584625,2,0,2
00805.png,ITFuse,3,0.6600043773651123,3,0,3
00818.png,ITFuse,3,0.4485027492046356,1,2,1
00825.png,ITFuse,4,0.7958735972642899,3,1,3
00826.png,ITFuse,4,0.7384097203612328,3,1,3
00829.png,ITFuse,4,0.6809457838535309,4,0,4
00834.png,ITFuse,3,0.7163015007972717,3,0,3
00857.png,ITFuse,2,0.3736698627471924,2,0,2
00867.png,ITFuse,3,0.4374389549096425,2,1,2
00871.png,ITFuse,5,0.5969104647636414,3,2,3
00878.png,ITFuse,6,0.5875857025384903,3,3,3
00896.png,ITFuse,2,0.5041633397340775,2,0,2
00910.png,ITFuse,2,0.7013405859470367,2,0,2
00916.png,ITFuse,2,0.8314527273178101,2,0,2
00922.png,ITFuse,2,0.5813933610916138,2,0,2
00926.png,ITFuse,2,0.6411716639995575,2,0,2
00950.png,ITFuse,2,0.8356163501739502,2,0,3
00958.png,ITFuse,3,0.7130641341209412,3,0,3
00965.png,ITFuse,3,0.7903497219085693,3,0,3
00976.png,ITFuse,9,0.5627364450030856,9,0,9
00994.png,ITFuse,7,0.5367506487028939,4,3,5
01017.png,ITFuse,4,0.6712205708026886,3,1,3
01034.png,ITFuse,6,0.5009417583545049,5,1,5
01043.png,ITFuse,7,0.6002959864480155,5,2,5
01079.png,ITFuse,0,0.0,0,0,0
01093.png,ITFuse,6,0.6575024922688802,5,1,5
01101.png,ITFuse,5,0.5437551736831665,4,1,5
01115.png,ITFuse,4,0.5419466197490692,4,0,4
01122.png,ITFuse,5,0.5237869024276733,3,2,3
01136.png,ITFuse,2,0.7803681492805481,2,0,2
01147.png,ITFuse,2,0.5533931255340576,2,0,2
01156.png,ITFuse,3,0.60651496052742,2,1,2
01165.png,ITFuse,1,0.8986735343933105,1,0,2
01186.png,ITFuse,5,0.5154020309448242,5,0,6
01204.png,ITFuse,3,0.6503036419550577,3,0,3
01212.png,ITFuse,6,0.5409809152285258,3,3,3
01223.png,ITFuse,8,0.5032700784504414,5,3,7
01227.png,ITFuse,5,0.6525438487529754,4,1,4
01242.png,ITFuse,4,0.5479183569550514,2,2,2
01249.png,ITFuse,3,0.5260178446769714,1,2,1
01267.png,ITFuse,1,0.2604159116744995,0,1,0
01270.png,ITFuse,5,0.5039883017539978,3,2,3
01299.png,ITFuse,6,0.4829789648453395,4,2,4
01301.png,ITFuse,2,0.7398527562618256,2,0,2
01320.png,ITFuse,2,0.7176559865474701,2,0,2
01331.png,ITFuse,3,0.6562460561593374,2,1,2
01345.png,ITFuse,0,0.0,0,0,0
01388.png,ITFuse,0,0.0,0,0,0
01393.png,ITFuse,2,0.6124573349952698,1,1,1
01406.png,ITFuse,2,0.5591181963682175,1,1,1
01413.png,ITFuse,1,0.7061843276023865,1,0,1
01415.png,ITFuse,1,0.7352798581123352,1,0,1
01422.png,ITFuse,1,0.8544705510139465,1,0,2
01432.png,ITFuse,0,0.0,0,0,0
01437.png,ITFuse,0,0.0,0,0,0
01442.png,ITFuse,2,0.6853511333465576,2,0,3
01443.png,ITFuse,4,0.49659547209739685,3,1,3
01454.png,ITFuse,5,0.49015250205993655,4,1,6
01462.png,ITFuse,3,0.3454189598560333,1,2,2
01471.png,ITFuse,5,0.36405561566352845,3,2,4
01482.png,ITFuse,5,0.4469438672065735,3,2,3
01486.png,ITFuse,8,0.4469502158463001,3,5,4
01492.png,ITFuse,5,0.46340214014053344,2,3,2
01494.png,ITFuse,3,0.8712027668952942,3,0,3
01505.png,ITFuse,2,0.5931319892406464,2,0,2
01511.png,ITFuse,1,0.7633995413780212,1,0,1
01527.png,ITFuse,2,0.8563458025455475,2,0,2
01531.png,ITFuse,0,0.0,0,0,0
01547.png,ITFuse,0,0.0,0,0,0
01562.png,ITFuse,0,0.0,0,0,0
01579.png,ITFuse,0,0.0,0,0,0
01584.png,ITFuse,12,0.5337915445367495,8,4,8
01587.png,ITFuse,10,0.5036377429962158,7,3,8
01599.png,ITFuse,6,0.5074555575847626,4,2,4
01608.png,ITFuse,9,0.5369401607248518,6,3,6
01640.png,ITFuse,3,0.5394427080949148,2,1,2
01659.png,ITFuse,6,0.44321706394354504,4,2,4
01670.png,ITFuse,6,0.5876152018706003,4,2,5
01673.png,ITFuse,5,0.6670440375804901,5,0,7
01707.png,ITFuse,2,0.8189570605754852,2,0,2
01710.png,ITFuse,3,0.6005576352278391,2,1,2
01724.png,ITFuse,3,0.5020827054977417,2,1,2
01729.png,ITFuse,3,0.5278670887152354,2,1,2
01741.png,ITFuse,3,0.49403882026672363,2,1,2
01760.png,ITFuse,3,0.5034474432468414,2,1,2
01773.png,ITFuse,2,0.5456681847572327,1,1,1
01779.png,ITFuse,3,0.6197105844815572,2,1,2
01783.png,ITFuse,3,0.5633221864700317,2,1,2
01789.png,ITFuse,3,0.5309433043003082,2,1,2
01803.png,ITFuse,2,0.8399340212345123,2,0,2
01806.png,ITFuse,2,0.863304853439331,2,0,2
01807.png,ITFuse,2,0.8072411715984344,2,0,2
01811.png,ITFuse,2,0.8823404908180237,2,0,2
01828.png,ITFuse,2,0.8346833884716034,2,0,2
01845.png,ITFuse,8,0.4692043960094452,2,6,2
01856.png,ITFuse,7,0.5400476838861193,2,5,2
01861.png,ITFuse,7,0.5062135415417808,2,5,2
01867.png,ITFuse,0,0.0,0,0,0
01899.png,ITFuse,2,0.5671647042036057,1,1,1
01911.png,ITFuse,1,0.7449412941932678,1,0,1
01912.png,ITFuse,3,0.5897018412748972,2,1,2
01913.png,ITFuse,2,0.6623612940311432,2,0,2
01919.png,ITFuse,2,0.5922268629074097,2,0,2
01929.png,ITFuse,3,0.49440037210782367,2,1,2
01937.png,ITFuse,13,0.4129464832636026,7,6,7
01947.png,ITFuse,10,0.4342955738306046,6,4,6
01954.png,ITFuse,13,0.39012025411312395,8,5,8
01963.png,ITFuse,8,0.39805083349347115,6,2,6
01977.png,ITFuse,5,0.4043441116809845,3,2,3
01981.png,ITFuse,2,0.5347041189670563,2,0,2
01985.png,ITFuse,7,0.3967078711305346,3,4,3
01994.png,ITFuse,5,0.6818882882595062,4,1,4
01996.png,ITFuse,4,0.8005926311016083,4,0,4
02002.png,ITFuse,3,0.8363127112388611,3,0,4
02011.png,ITFuse,4,0.7459277510643005,4,0,4
02033.png,ITFuse,3,0.7548629442850748,3,0,3
02045.png,ITFuse,8,0.5884862169623375,6,2,7
02073.png,ITFuse,9,0.6809409426318275,7,2,9
02083.png,ITFuse,8,0.5741307809948921,7,1,8
02090.png,ITFuse,7,0.7452332377433777,7,0,8
02102.png,ITFuse,4,0.27724312990903854,1,3,4
02119.png,ITFuse,6,0.46014246344566345,3,3,6
02120.png,ITFuse,9,0.5768039657009972,9,0,9
02142.png,ITFuse,4,0.49132058024406433,3,1,4
02163.png,ITFuse,4,0.49865664541721344,3,1,3
02180.png,ITFuse,4,0.620286151766777,3,1,4
02195.png,ITFuse,11,0.47893156246705487,10,1,13
02213.png,ITFuse,11,0.7344031659039584,11,0,11
02233.png,ITFuse,5,0.6346865832805634,4,1,5
02236.png,ITFuse,9,0.5572528607315488,7,2,7
02249.png,ITFuse,5,0.7052823066711426,5,0,7
02278.png,ITFuse,5,0.7071129620075226,5,0,6
02296.png,ITFuse,8,0.6454134397208691,7,1,8
02310.png,ITFuse,4,0.6239206120371819,3,1,3
02317.png,ITFuse,9,0.5690917207135094,8,1,8
02322.png,ITFuse,3,0.7545422116915385,3,0,3
02337.png,ITFuse,3,0.5165341099103292,2,1,2
02352.png,ITFuse,2,0.8694718182086945,2,0,2
02369.png,ITFuse,3,0.7852524320284525,3,0,3
02394.png,ITFuse,4,0.6869964748620987,3,1,3
02405.png,ITFuse,4,0.6873438581824303,4,0,4
02440.png,ITFuse,3,0.6397524476051331,3,0,3
02450.png,ITFuse,3,0.6631447076797485,3,0,3
02455.png,ITFuse,5,0.5777523696422577,5,0,6
02464.png,ITFuse,11,0.5009595182808962,8,3,8
02473.png,ITFuse,9,0.5846321218543582,8,1,10
02478.png,ITFuse,10,0.6108444273471832,8,2,8
02486.png,ITFuse,6,0.5506620307763418,5,1,5
02495.png,ITFuse,4,0.521289199590683,2,2,3
02522.png,ITFuse,3,0.44577165444691974,3,0,3
02527.png,ITFuse,1,0.7180463671684265,1,0,1
02530.png,ITFuse,1,0.34314674139022827,1,0,1
02533.png,ITFuse,1,0.2725283205509186,0,1,2
02544.png,ITFuse,1,0.4953848421573639,1,0,2
02556.png,ITFuse,3,0.6231304605801901,3,0,4
02572.png,ITFuse,4,0.49804432690143585,4,0,8
02606.png,ITFuse,5,0.5688115239143372,4,1,5
02611.png,ITFuse,3,0.6930580536524454,3,0,4
02624.png,ITFuse,8,0.5364827364683151,6,2,6
02641.png,ITFuse,5,0.527578204870224,5,0,5
02651.png,ITFuse,1,0.2529280483722687,1,0,2
02658.png,ITFuse,5,0.6577797591686249,4,1,6
02667.png,ITFuse,7,0.5399944143635886,5,2,6
02709.png,ITFuse,8,0.5920345187187195,7,1,10
02720.png,ITFuse,7,0.6251119247504643,5,2,6
02731.png,ITFuse,6,0.6606343736251196,6,0,6
02739.png,ITFuse,3,0.7229886452356974,2,1,2
02754.png,ITFuse,1,0.8657045960426331,1,0,1
02757.png,ITFuse,1,0.8821858167648315,1,0,1
02762.png,ITFuse,2,0.34468477964401245,0,2,0
02778.png,ITFuse,1,0.46089377999305725,0,1,0
02786.png,ITFuse,2,0.6406394094228745,2,0,2
02816.png,ITFuse,6,0.6110868006944656,4,2,4
02821.png,ITFuse,3,0.8791681130727133,3,0,3
02846.png,ITFuse,1,0.8970323801040649,1,0,1
02860.png,ITFuse,2,0.8717062473297119,2,0,2
02869.png,ITFuse,3,0.7994644244511923,3,0,3
02896.png,ITFuse,4,0.44862113893032074,1,3,2
02956.png,ITFuse,11,0.5806162790818648,9,2,10
03019.png,ITFuse,8,0.6322497092187405,7,1,7
03045.png,ITFuse,9,0.5760975148942735,7,2,8
03100.png,ITFuse,3,0.8859908978144327,3,0,3
03109.png,ITFuse,5,0.6650961995124817,5,0,7
03143.png,ITFuse,4,0.7706764489412308,4,0,5
03173.png,ITFuse,4,0.5903413072228432,3,1,34
03219.png,ITFuse,15,0.477545024951299,9,6,10
03260.png,ITFuse,7,0.7382583958762032,7,0,10
03281.png,ITFuse,5,0.5541951894760132,5,0,5
03289.png,ITFuse,8,0.584568127989769,6,2,9
03354.png,ITFuse,4,0.5907448008656502,4,0,5
03375.png,ITFuse,5,0.5894294559955597,5,0,5
03381.png,ITFuse,15,0.5507234831651052,13,2,13
03409.png,ITFuse,9,0.6775878634717729,9,0,9
03417.png,ITFuse,6,0.5670220057169596,6,0,6
03433.png,ITFuse,6,0.8207596838474274,6,0,6
03438.png,ITFuse,10,0.5542623549699783,8,2,9
03462.png,ITFuse,8,0.6286705508828163,6,2,6
03473.png,ITFuse,10,0.6068183571100235,8,2,8
03575.png,ITFuse,16,0.640655355527997,14,2,15
03589.png,ITFuse,9,0.6256652209493849,9,0,9
03600.png,ITFuse,10,0.6404243409633636,9,1,9
03640.png,ITFuse,11,0.4981252361427654,7,4,8
03708.png,ITFuse,7,0.5377107007162911,5,2,7
03719.png,ITFuse,3,0.6775440772374471,2,1,2
03769.png,ITFuse,8,0.7893753312528133,8,0,8
03813.png,ITFuse,5,0.7920814871788024,5,0,5
03836.png,ITFuse,7,0.6406200357845852,6,1,6
03878.png,ITFuse,6,0.7068123271067938,6,0,6
03989.png,ITFuse,12,0.596278411646684,10,2,12
04006.png,ITFuse,3,0.624431848526001,2,1,2
04018.png,ITFuse,3,0.6256243884563446,2,1,2
04026.png,ITFuse,2,0.7716598510742188,2,0,2
04053.png,ITFuse,6,0.761692464351654,6,0,6
04092.png,ITFuse,5,0.7625259518623352,4,1,4
04160.png,ITFuse,9,0.7335109644465976,8,1,8
00000.png,MAEFuse,10,0.6733229458332062,9,1,9
00011.png,MAEFuse,11,0.688361482186751,9,2,9
00025.png,MAEFuse,8,0.5597263760864735,6,2,7
00031.png,MAEFuse,10,0.6315910995006562,8,2,8
00033.png,MAEFuse,11,0.6667814525690946,9,2,10
00042.png,MAEFuse,8,0.6284599341452122,6,2,7
00061.png,MAEFuse,7,0.48708767550332205,5,2,5
00071.png,MAEFuse,5,0.41982042193412783,3,2,3
00082.png,MAEFuse,4,0.6071232855319977,3,1,3
00097.png,MAEFuse,1,0.6298459768295288,1,0,2
00107.png,MAEFuse,4,0.47793276607990265,2,2,3
00112.png,MAEFuse,14,0.5831957544599261,13,1,14
00118.png,MAEFuse,14,0.45356584659644533,9,5,9
00147.png,MAEFuse,16,0.5733812842518091,15,1,16
00149.png,MAEFuse,7,0.6876685959952218,6,1,6
00150.png,MAEFuse,9,0.632839752568139,8,1,8
00159.png,MAEFuse,9,0.719575822353363,8,1,8
00177.png,MAEFuse,10,0.693344098329544,10,0,10
00196.png,MAEFuse,10,0.5599828898906708,10,0,10
00202.png,MAEFuse,10,0.5254978626966477,10,0,10
00210.png,MAEFuse,6,0.5991520881652832,6,0,6
00215.png,MAEFuse,4,0.736115962266922,3,1,4
00232.png,MAEFuse,7,0.5328736645834786,5,2,6
00242.png,MAEFuse,7,0.4381964462144034,6,1,7
00255.png,MAEFuse,2,0.7912464737892151,1,1,1
00274.png,MAEFuse,3,0.5859046876430511,2,1,2
00284.png,MAEFuse,4,0.5800064504146576,2,2,2
00290.png,MAEFuse,4,0.6977362930774689,2,2,2
00306.png,MAEFuse,4,0.7625163048505783,2,2,2
00320.png,MAEFuse,4,0.7410413026809692,2,2,2
00325.png,MAEFuse,1,0.7855038642883301,1,0,1
00334.png,MAEFuse,2,0.4812580347061157,1,1,1
00339.png,MAEFuse,1,0.2510147988796234,0,1,0
00349.png,MAEFuse,1,0.8930124640464783,1,0,1
00353.png,MAEFuse,1,0.8666819930076599,1,0,1
00370.png,MAEFuse,1,0.8592861890792847,1,0,1
00385.png,MAEFuse,2,0.5797323286533356,1,1,1
00386.png,MAEFuse,8,0.5486640445888042,7,1,7
00388.png,MAEFuse,10,0.5446732670068741,10,0,11
00389.png,MAEFuse,11,0.47781125794757495,7,4,8
00390.png,MAEFuse,7,0.58465034195355,6,1,7
00400.png,MAEFuse,10,0.4602393418550491,5,5,5
00405.png,MAEFuse,11,0.5432274829257618,10,1,11
00409.png,MAEFuse,9,0.6173509160677592,7,2,8
00419.png,MAEFuse,2,0.9008590579032898,2,0,2
00421.png,MAEFuse,9,0.6114860938655006,7,2,8
00434.png,MAEFuse,10,0.6519820272922516,9,1,11
00441.png,MAEFuse,8,0.5531649105250835,8,0,9
00443.png,MAEFuse,5,0.6129896402359009,4,1,4
00449.png,MAEFuse,5,0.7697626709938049,5,0,6
00453.png,MAEFuse,5,0.6678364098072052,4,1,4
00461.png,MAEFuse,6,0.5655305882294973,4,2,4
00479.png,MAEFuse,5,0.6949369072914123,4,1,4
00489.png,MAEFuse,5,0.6873217105865479,5,0,5
00497.png,MAEFuse,7,0.5488762898104531,6,1,6
00512.png,MAEFuse,11,0.5138302364132621,6,5,6
00525.png,MAEFuse,8,0.6370251812040806,6,2,6
00527.png,MAEFuse,7,0.5885399665151324,6,1,7
00537.png,MAEFuse,9,0.6271168324682448,8,1,10
00555.png,MAEFuse,11,0.5227120356126265,9,2,9
00572.png,MAEFuse,12,0.53326565772295,10,2,11
00587.png,MAEFuse,6,0.6211379120747248,6,0,7
00606.png,MAEFuse,8,0.697575643658638,7,1,7
00621.png,MAEFuse,7,0.5497654761586871,6,1,7
00633.png,MAEFuse,9,0.6378434830241733,7,2,7
00643.png,MAEFuse,1,0.3388765752315521,1,0,1
00652.png,MAEFuse,1,0.3432581126689911,0,1,2
00653.png,MAEFuse,5,0.3711026608943939,2,3,2
00661.png,MAEFuse,4,0.7036396041512489,3,1,3
00671.png,MAEFuse,4,0.7809884399175644,4,0,5
00676.png,MAEFuse,5,0.7031333386898041,4,1,4
00677.png,MAEFuse,6,0.5093766500552496,5,1,6
00687.png,MAEFuse,8,0.517312865704298,6,2,7
00697.png,MAEFuse,6,0.43686563273270923,5,1,6
00712.png,MAEFuse,1,0.7710621953010559,1,0,1
00716.png,MAEFuse,1,0.7249584794044495,1,0,1
00719.png,MAEFuse,0,0.0,0,0,0
00725.png,MAEFuse,1,0.9117371439933777,1,0,1
00726.png,MAEFuse,1,0.9211040735244751,1,0,1
00738.png,MAEFuse,4,0.41357049345970154,1,3,1
00760.png,MAEFuse,1,0.34328603744506836,1,0,1
00762.png,MAEFuse,1,0.8628256320953369,1,0,1
00769.png,MAEFuse,0,0.0,0,0,0
00787.png,MAEFuse,1,0.8905293941497803,1,0,2
00800.png,MAEFuse,0,0.0,0,0,0
00801.png,MAEFuse,2,0.6534646451473236,2,0,2
00805.png,MAEFuse,2,0.7621253430843353,2,0,3
00818.png,MAEFuse,1,0.732904851436615,1,0,1
00825.png,MAEFuse,4,0.773403063416481,3,1,3
00826.png,MAEFuse,4,0.7108410075306892,3,1,3
00829.png,MAEFuse,4,0.6850149780511856,4,0,4
00834.png,MAEFuse,4,0.6014891713857651,3,1,3
00857.png,MAEFuse,2,0.368451252579689,1,1,2
00867.png,MAEFuse,2,0.4864635616540909,1,1,2
00871.png,MAEFuse,5,0.5520776510238647,2,3,3
00878.png,MAEFuse,5,0.5742571353912354,2,3,3
00896.png,MAEFuse,2,0.4364805966615677,2,0,2
00910.png,MAEFuse,2,0.6591081619262695,2,0,2
00916.png,MAEFuse,2,0.794224351644516,2,0,2
00922.png,MAEFuse,2,0.6811602711677551,2,0,2
00926.png,MAEFuse,2,0.5597280263900757,2,0,2
00950.png,MAEFuse,3,0.7110785245895386,3,0,3
00958.png,MAEFuse,3,0.728243092695872,3,0,3
00965.png,MAEFuse,3,0.7840698758761088,3,0,3
00976.png,MAEFuse,9,0.5057408213615417,9,0,9
00994.png,MAEFuse,7,0.4929806760379246,4,3,5
01017.png,MAEFuse,3,0.7717111309369405,3,0,3
01034.png,MAEFuse,5,0.5276849269866943,5,0,5
01043.png,MAEFuse,6,0.5735597610473633,5,1,5
01079.png,MAEFuse,0,0.0,0,0,0
01093.png,MAEFuse,5,0.7061639308929444,5,0,5
01101.png,MAEFuse,7,0.43831497005053927,3,4,5
01115.png,MAEFuse,5,0.4543202221393585,4,1,4
01122.png,MAEFuse,3,0.5711406866709391,3,0,3
01136.png,MAEFuse,2,0.7065289318561554,2,0,2
01147.png,MAEFuse,1,0.5855494141578674,1,0,2
01156.png,MAEFuse,2,0.7112525105476379,2,0,2
01165.png,MAEFuse,1,0.8979624509811401,1,0,2
01186.png,MAEFuse,5,0.47473028898239134,5,0,6
01204.png,MAEFuse,3,0.6847766041755676,3,0,3
01212.png,MAEFuse,4,0.6540970653295517,3,1,3
01223.png,MAEFuse,6,0.5974461932977041,5,1,7
01227.png,MAEFuse,5,0.6637767314910888,4,1,4
01242.png,MAEFuse,3,0.6438421507676443,2,1,2
01249.png,MAEFuse,3,0.5882888535658518,1,2,1
01267.png,MAEFuse,0,0.0,0,0,0
01270.png,MAEFuse,3,0.5921071072419485,3,0,3
01299.png,MAEFuse,7,0.39742722255843027,4,3,4
01301.png,MAEFuse,2,0.7661257088184357,2,0,2
01320.png,MAEFuse,2,0.7303153574466705,2,0,2
01331.png,MAEFuse,2,0.8258313536643982,2,0,2
01345.png,MAEFuse,0,0.0,0,0,0
01388.png,MAEFuse,0,0.0,0,0,0
01393.png,MAEFuse,2,0.5544188022613525,1,1,1
01406.png,MAEFuse,2,0.5959458500146866,1,1,1
01413.png,MAEFuse,1,0.6527248024940491,1,0,1
01415.png,MAEFuse,1,0.718806266784668,1,0,1
01422.png,MAEFuse,1,0.84894198179245,1,0,2
01432.png,MAEFuse,0,0.0,0,0,0
01437.png,MAEFuse,0,0.0,0,0,0
01442.png,MAEFuse,3,0.5757675568262736,3,0,3
01443.png,MAEFuse,4,0.530977226793766,3,1,3
01454.png,MAEFuse,3,0.47261761625607807,2,1,6
01462.png,MAEFuse,0,0.0,0,0,2
01471.png,MAEFuse,1,0.3897859454154968,0,1,4
01482.png,MAEFuse,4,0.3996987119317055,2,2,3
01486.png,MAEFuse,4,0.36946895718574524,2,2,4
01492.png,MAEFuse,3,0.28473013639450073,1,2,2
01494.png,MAEFuse,3,0.8755150437355042,3,0,3
01505.png,MAEFuse,1,0.6763443350791931,1,0,2
01511.png,MAEFuse,1,0.7265222668647766,1,0,1
01527.png,MAEFuse,2,0.8632824122905731,2,0,2
01531.png,MAEFuse,1,0.47551944851875305,0,1,0
01547.png,MAEFuse,1,0.2603900134563446,0,1,0
01562.png,MAEFuse,0,0.0,0,0,0
01579.png,MAEFuse,0,0.0,0,0,0
01584.png,MAEFuse,9,0.5751885109477572,7,2,8
01587.png,MAEFuse,10,0.45262051224708555,7,3,8
01599.png,MAEFuse,4,0.5577060431241989,2,2,4
01608.png,MAEFuse,9,0.5354672140545316,5,4,6
01640.png,MAEFuse,4,0.5547299608588219,2,2,2
01659.png,MAEFuse,6,0.3328169882297516,3,3,4
01670.png,MAEFuse,4,0.7694082856178284,4,0,5
01673.png,MAEFuse,6,0.5791228512922922,5,1,7
01707.png,MAEFuse,2,0.8218610286712646,2,0,2
01710.png,MAEFuse,3,0.5605854690074921,2,1,2
01724.png,MAEFuse,3,0.5023652215798696,2,1,2
01729.png,MAEFuse,3,0.46512385209401447,2,1,2
01741.png,MAEFuse,3,0.46668116251627606,2,1,2
01760.png,MAEFuse,4,0.4587991237640381,2,2,2
01773.png,MAEFuse,2,0.5184070914983749,1,1,1
01779.png,MAEFuse,3,0.6068820158640543,2,1,2
01783.png,MAEFuse,3,0.5359316269556681,2,1,2
01789.png,MAEFuse,2,0.552101343870163,1,1,2
01803.png,MAEFuse,2,0.8499681651592255,2,0,2
01806.png,MAEFuse,2,0.8543768227100372,2,0,2
01807.png,MAEFuse,2,0.8278067708015442,2,0,2
01811.png,MAEFuse,2,0.8922378420829773,2,0,2
01828.png,MAEFuse,2,0.8418577015399933,2,0,2
01845.png,MAEFuse,3,0.6286139885584513,2,1,2
01856.png,MAEFuse,4,0.6407279968261719,2,2,2
01861.png,MAEFuse,3,0.6239692270755768,2,1,2
01867.png,MAEFuse,0,0.0,0,0,0
01899.png,MAEFuse,1,0.7632710337638855,1,0,1
01911.png,MAEFuse,1,0.7257076501846313,1,0,1
01912.png,MAEFuse,2,0.657266765832901,2,0,2
01913.png,MAEFuse,2,0.6894948780536652,2,0,2
01919.png,MAEFuse,2,0.6804198026657104,2,0,2
01929.png,MAEFuse,3,0.5676771899064382,2,1,2
01937.png,MAEFuse,13,0.4233745359457456,7,6,7
01947.png,MAEFuse,13,0.401317855486503,6,7,6
01954.png,MAEFuse,12,0.41415462146202725,8,4,8
01963.png,MAEFuse,8,0.39503299072384834,6,2,6
01977.png,MAEFuse,4,0.48793550580739975,3,1,3
01981.png,MAEFuse,2,0.5313752740621567,2,0,2
01985.png,MAEFuse,5,0.3890487372875214,3,2,3
01994.png,MAEFuse,4,0.6927108913660049,4,0,4
01996.png,MAEFuse,4,0.7337878718972206,4,0,4
02002.png,MAEFuse,4,0.6827122420072556,3,1,4
02011.png,MAEFuse,4,0.7204878926277161,4,0,4
02033.png,MAEFuse,3,0.7067137161890665,3,0,3
02045.png,MAEFuse,8,0.5307606160640717,5,3,7
02073.png,MAEFuse,8,0.7069507949054241,7,1,9
02083.png,MAEFuse,8,0.5981950238347054,7,1,8
02090.png,MAEFuse,7,0.6786812969616481,6,1,8
02102.png,MAEFuse,4,0.32646068930625916,2,2,4
02119.png,MAEFuse,5,0.49090832471847534,4,1,6
02120.png,MAEFuse,8,0.5679075717926025,8,0,9
02142.png,MAEFuse,2,0.6119025647640228,2,0,4
02163.png,MAEFuse,5,0.462099289894104,3,2,3
02180.png,MAEFuse,6,0.501008560260137,3,3,4
02195.png,MAEFuse,9,0.4609522786405351,9,0,13
02213.png,MAEFuse,12,0.6897402728597323,11,1,11
02233.png,MAEFuse,5,0.6253960609436036,4,1,5
02236.png,MAEFuse,6,0.6409123440583547,5,1,7
02249.png,MAEFuse,6,0.6635431349277496,6,0,7
02278.png,MAEFuse,5,0.6982537567615509,5,0,6
02296.png,MAEFuse,8,0.6465943343937397,7,1,8
02310.png,MAEFuse,4,0.5924312621355057,3,1,3
02317.png,MAEFuse,9,0.532029883729087,8,1,8
02322.png,MAEFuse,3,0.689743181069692,3,0,3
02337.png,MAEFuse,3,0.4775544007619222,2,1,2
02352.png,MAEFuse,2,0.8544625639915466,2,0,2
02369.png,MAEFuse,3,0.7577707767486572,3,0,3
02394.png,MAEFuse,4,0.653457798063755,3,1,3
02405.png,MAEFuse,4,0.625211201608181,4,0,4
02440.png,MAEFuse,3,0.6008471250534058,3,0,3
02450.png,MAEFuse,3,0.5689295629660288,3,0,3
02455.png,MAEFuse,8,0.4740604795515537,6,2,6
02464.png,MAEFuse,8,0.5793555341660976,7,1,8
02473.png,MAEFuse,10,0.5351828038692474,9,1,10
02478.png,MAEFuse,9,0.669130222664939,8,1,8
02486.png,MAEFuse,6,0.5370617210865021,5,1,5
02495.png,MAEFuse,3,0.5532083610693613,2,1,3
02522.png,MAEFuse,4,0.519504152238369,3,1,3
02527.png,MAEFuse,1,0.5126814246177673,1,0,1
02530.png,MAEFuse,0,0.0,0,0,1
02533.png,MAEFuse,1,0.6238740682601929,0,1,2
02544.png,MAEFuse,2,0.3466772586107254,0,2,2
02556.png,MAEFuse,5,0.4691382348537445,4,1,4
02572.png,MAEFuse,2,0.6586755067110062,2,0,8
02606.png,MAEFuse,4,0.5095457136631012,4,0,5
02611.png,MAEFuse,4,0.5772736296057701,3,1,4
02624.png,MAEFuse,5,0.5797542750835418,4,1,6
02641.png,MAEFuse,7,0.4820449011666434,5,2,5
02651.png,MAEFuse,3,0.47545770804087323,2,1,2
02658.png,MAEFuse,6,0.5395658959945043,5,1,6
02667.png,MAEFuse,6,0.5997847318649292,5,1,6
02709.png,MAEFuse,8,0.5548145063221455,7,1,10
02720.png,MAEFuse,6,0.6119238634904226,5,1,6
02731.png,MAEFuse,6,0.6320256938536962,6,0,6
02739.png,MAEFuse,2,0.8176217973232269,2,0,2
02754.png,MAEFuse,1,0.8710413575172424,1,0,1
02757.png,MAEFuse,1,0.8494649529457092,1,0,1
02762.png,MAEFuse,0,0.0,0,0,0
02778.png,MAEFuse,0,0.0,0,0,0
02786.png,MAEFuse,2,0.5922860354185104,2,0,2
02816.png,MAEFuse,4,0.7452796548604965,4,0,4
02821.png,MAEFuse,3,0.8795347611109415,3,0,3
02846.png,MAEFuse,1,0.8713573813438416,1,0,1
02860.png,MAEFuse,2,0.8735444843769073,2,0,2
02869.png,MAEFuse,3,0.7077601154645284,3,0,3
02896.png,MAEFuse,3,0.5007531344890594,1,2,2
02956.png,MAEFuse,11,0.5224238146435131,9,2,10
03019.png,MAEFuse,9,0.5722614824771881,7,2,7
03045.png,MAEFuse,8,0.5644221268594265,7,1,8
03100.png,MAEFuse,4,0.7073770016431808,3,1,3
03109.png,MAEFuse,6,0.5248366097609202,5,1,7
03143.png,MAEFuse,4,0.7569758221507072,4,0,5
03173.png,MAEFuse,3,0.612022320429484,3,0,34
03219.png,MAEFuse,12,0.5298512428998947,8,4,10
03260.png,MAEFuse,8,0.6521638706326485,8,0,10
03281.png,MAEFuse,2,0.8361680209636688,2,0,5
03289.png,MAEFuse,8,0.5674692504107952,6,2,9
03354.png,MAEFuse,4,0.6042440012097359,4,0,5
03375.png,MAEFuse,4,0.6480156928300858,4,0,5
03381.png,MAEFuse,13,0.517245155114394,13,0,13
03409.png,MAEFuse,8,0.6414432264864445,8,0,9
03417.png,MAEFuse,5,0.5897309839725494,5,0,6
03433.png,MAEFuse,7,0.7046530289309365,6,1,6
03438.png,MAEFuse,10,0.5547446787357331,8,2,9
03462.png,MAEFuse,6,0.6606138596932093,6,0,6
03473.png,MAEFuse,8,0.6164198033511639,8,0,8
03575.png,MAEFuse,16,0.6104039773344994,13,3,15
03589.png,MAEFuse,8,0.6072832345962524,8,0,9
03600.png,MAEFuse,8,0.6847449615597725,8,0,9
03640.png,MAEFuse,9,0.4742341703838772,7,2,8
03708.png,MAEFuse,6,0.5402762740850449,5,1,7
03719.png,MAEFuse,2,0.8086789846420288,2,0,2
03769.png,MAEFuse,8,0.7661530114710331,8,0,8
03813.png,MAEFuse,5,0.7977068424224854,5,0,5
03836.png,MAEFuse,6,0.5934695849816004,6,0,6
03878.png,MAEFuse,6,0.7089387029409409,6,0,6
03989.png,MAEFuse,11,0.57711399956183,9,2,12
04006.png,MAEFuse,3,0.6571400761604309,2,1,2
04018.png,MAEFuse,2,0.7939566075801849,2,0,2
04026.png,MAEFuse,2,0.7658666670322418,2,0,2
04053.png,MAEFuse,6,0.7920874754587809,6,0,6
04092.png,MAEFuse,4,0.8693137913942337,4,0,4
04160.png,MAEFuse,9,0.7218010789818234,8,1,8
00000.png,SFDFuse,10,0.6639094859361648,9,1,9
00011.png,SFDFuse,10,0.7236588656902313,9,1,9
00025.png,SFDFuse,9,0.599599517054028,7,2,7
00031.png,SFDFuse,8,0.7653036788105965,8,0,8
00033.png,SFDFuse,10,0.6973828643560409,10,0,10
00042.png,SFDFuse,7,0.7497377565928868,7,0,7
00061.png,SFDFuse,6,0.5390004614988962,5,1,5
00071.png,SFDFuse,5,0.49060205817222596,3,2,3
00082.png,SFDFuse,4,0.6471112594008446,3,1,3
00097.png,SFDFuse,3,0.4960360825061798,2,1,2
00107.png,SFDFuse,5,0.45239519476890566,3,2,3
00112.png,SFDFuse,16,0.5654889680445194,13,3,14
00118.png,SFDFuse,11,0.5245545587756417,8,3,9
00147.png,SFDFuse,19,0.5983838015481046,16,3,16
00149.png,SFDFuse,9,0.5993049674563937,6,3,6
00150.png,SFDFuse,11,0.6075782857157968,8,3,8
00159.png,SFDFuse,10,0.6912635833024978,8,2,8
00177.png,SFDFuse,10,0.7595896780490875,10,0,10
00196.png,SFDFuse,10,0.5805609285831451,10,0,10
00202.png,SFDFuse,10,0.5926586091518402,9,1,10
00210.png,SFDFuse,7,0.618180296250752,6,1,6
00215.png,SFDFuse,5,0.7138129591941833,4,1,4
00232.png,SFDFuse,7,0.5162925379616874,5,2,6
00242.png,SFDFuse,10,0.484009775519371,7,3,7
00255.png,SFDFuse,2,0.8062893748283386,1,1,1
00274.png,SFDFuse,3,0.6563536723454794,2,1,2
00284.png,SFDFuse,3,0.6381977299849192,2,1,2
00290.png,SFDFuse,4,0.7075175046920776,2,2,2
00306.png,SFDFuse,4,0.7767385393381119,2,2,2
00320.png,SFDFuse,4,0.6982008293271065,2,2,2
00325.png,SFDFuse,1,0.8117932081222534,1,0,1
00334.png,SFDFuse,1,0.6962059736251831,1,0,1
00339.png,SFDFuse,0,0.0,0,0,0
00349.png,SFDFuse,1,0.8889309167861938,1,0,1
00353.png,SFDFuse,1,0.8705084919929504,1,0,1
00370.png,SFDFuse,1,0.8619373440742493,1,0,1
00385.png,SFDFuse,2,0.6437180042266846,1,1,1
00386.png,SFDFuse,9,0.5220021373695798,7,2,7
00388.png,SFDFuse,12,0.5244966795047125,11,1,11
00389.png,SFDFuse,10,0.4826203793287277,7,3,8
00390.png,SFDFuse,9,0.5467579861481985,6,3,7
00400.png,SFDFuse,8,0.4935222491621971,5,3,5
00405.png,SFDFuse,14,0.5504227791513715,10,4,11
00409.png,SFDFuse,6,0.7077232102553049,6,0,8
00419.png,SFDFuse,3,0.7013973891735077,2,1,2
00421.png,SFDFuse,7,0.6548244995730264,6,1,8
00434.png,SFDFuse,11,0.6126038513400338,10,1,11
00441.png,SFDFuse,9,0.6604599489106072,9,0,9
00443.png,SFDFuse,5,0.6875321984291076,4,1,4
00449.png,SFDFuse,7,0.7046133237225669,6,1,6
00453.png,SFDFuse,5,0.6214924871921539,4,1,4
00461.png,SFDFuse,7,0.5535022744110653,4,3,4
00479.png,SFDFuse,4,0.7567742019891739,4,0,4
00489.png,SFDFuse,7,0.6004053907735007,5,2,5
00497.png,SFDFuse,8,0.5443487651646137,6,2,6
00512.png,SFDFuse,9,0.5747514996263716,6,3,6
00525.png,SFDFuse,8,0.6457842066884041,6,2,6
00527.png,SFDFuse,9,0.44639648000399273,6,3,7
00537.png,SFDFuse,11,0.6518877392465418,10,1,10
00555.png,SFDFuse,11,0.5433904826641083,9,2,9
00572.png,SFDFuse,11,0.5161896808580919,10,1,11
00587.png,SFDFuse,8,0.5145506262779236,6,2,7
00606.png,SFDFuse,7,0.7180325601782117,6,1,7
00621.png,SFDFuse,9,0.566224518749449,6,3,7
00633.png,SFDFuse,7,0.758059058870588,7,0,7
00643.png,SFDFuse,1,0.5797814726829529,1,0,1
00652.png,SFDFuse,3,0.38597673177719116,2,1,2
00653.png,SFDFuse,2,0.4904049038887024,1,1,2
00661.png,SFDFuse,3,0.8041591048240662,3,0,3
00671.png,SFDFuse,5,0.7351339042186738,5,0,5
00676.png,SFDFuse,6,0.6281242271264394,4,2,4
00677.png,SFDFuse,7,0.4719798820359366,5,2,6
00687.png,SFDFuse,8,0.5433143489062786,7,1,7
00697.png,SFDFuse,6,0.4789780080318451,5,1,6
00712.png,SFDFuse,1,0.7745117545127869,1,0,1
00716.png,SFDFuse,1,0.7645628452301025,1,0,1
00719.png,SFDFuse,0,0.0,0,0,0
00725.png,SFDFuse,1,0.9168615341186523,1,0,1
00726.png,SFDFuse,1,0.9258121252059937,1,0,1
00738.png,SFDFuse,2,0.5104334056377411,1,1,1
00760.png,SFDFuse,1,0.6623181104660034,1,0,1
00762.png,SFDFuse,1,0.871649980545044,1,0,1
00769.png,SFDFuse,2,0.36637306213378906,0,2,0
00787.png,SFDFuse,2,0.7080729901790619,2,0,2
00800.png,SFDFuse,0,0.0,0,0,0
00801.png,SFDFuse,2,0.7075621485710144,2,0,2
00805.png,SFDFuse,3,0.6474615434805552,3,0,3
00818.png,SFDFuse,1,0.740517795085907,1,0,1
00825.png,SFDFuse,5,0.7520066976547242,3,2,3
00826.png,SFDFuse,4,0.7211316600441933,3,1,3
00829.png,SFDFuse,4,0.7225112393498421,4,0,4
00834.png,SFDFuse,4,0.6122300252318382,3,1,3
00857.png,SFDFuse,3,0.3537773589293162,2,1,2
00867.png,SFDFuse,2,0.6094585657119751,2,0,2
00871.png,SFDFuse,4,0.602625347673893,3,1,3
00878.png,SFDFuse,5,0.529307073354721,3,2,3
00896.png,SFDFuse,2,0.6888794898986816,2,0,2
00910.png,SFDFuse,2,0.6703742742538452,2,0,2
00916.png,SFDFuse,2,0.7638513445854187,2,0,2
00922.png,SFDFuse,2,0.6827336847782135,2,0,2
00926.png,SFDFuse,2,0.7123664021492004,2,0,2
00950.png,SFDFuse,2,0.821485310792923,2,0,3
00958.png,SFDFuse,3,0.7376661499341329,3,0,3
00965.png,SFDFuse,3,0.7219201326370239,3,0,3
00976.png,SFDFuse,12,0.5418826291958491,9,3,9
00994.png,SFDFuse,8,0.5494993813335896,4,4,5
01017.png,SFDFuse,3,0.7679549058278402,3,0,3
01034.png,SFDFuse,6,0.5253748347361883,5,1,5
01043.png,SFDFuse,6,0.628539577126503,5,1,5
01079.png,SFDFuse,0,0.0,0,0,0
01093.png,SFDFuse,6,0.683908278743426,5,1,5
01101.png,SFDFuse,6,0.554736390709877,5,1,5
01115.png,SFDFuse,5,0.47479148507118224,4,1,4
01122.png,SFDFuse,4,0.5453712493181229,3,1,3
01136.png,SFDFuse,4,0.5594982206821442,2,2,2
01147.png,SFDFuse,2,0.5147735774517059,2,0,2
01156.png,SFDFuse,3,0.6171642243862152,2,1,2
01165.png,SFDFuse,3,0.4775656561056773,1,2,2
01186.png,SFDFuse,7,0.47482472232409884,5,2,6
01204.png,SFDFuse,3,0.6953397691249847,3,0,3
01212.png,SFDFuse,4,0.6395678669214249,3,1,3
01223.png,SFDFuse,9,0.5430461598767174,7,2,7
01227.png,SFDFuse,4,0.629363976418972,3,1,4
01242.png,SFDFuse,4,0.6219182163476944,2,2,2
01249.png,SFDFuse,2,0.6114603579044342,1,1,1
01267.png,SFDFuse,1,0.32447972893714905,0,1,0
01270.png,SFDFuse,2,0.49083033204078674,1,1,3
01299.png,SFDFuse,4,0.44857585430145264,3,1,4
01301.png,SFDFuse,2,0.7718956470489502,2,0,2
01320.png,SFDFuse,2,0.7458867728710175,2,0,2
01331.png,SFDFuse,2,0.8283142745494843,2,0,2
01345.png,SFDFuse,0,0.0,0,0,0
01388.png,SFDFuse,1,0.2504557967185974,0,1,0
01393.png,SFDFuse,1,0.8332155346870422,1,0,1
01406.png,SFDFuse,2,0.5456443876028061,1,1,1
01413.png,SFDFuse,1,0.7716585397720337,1,0,1
01415.png,SFDFuse,1,0.7469329237937927,1,0,1
01422.png,SFDFuse,1,0.8372222185134888,1,0,2
01432.png,SFDFuse,0,0.0,0,0,0
01437.png,SFDFuse,0,0.0,0,0,0
01442.png,SFDFuse,4,0.5645790323615074,3,1,3
01443.png,SFDFuse,4,0.5172411650419235,3,1,3
01454.png,SFDFuse,6,0.4998289793729782,4,2,6
01462.png,SFDFuse,2,0.5263239443302155,2,0,2
01471.png,SFDFuse,4,0.4371591806411743,2,2,4
01482.png,SFDFuse,6,0.37197835743427277,3,3,3
01486.png,SFDFuse,5,0.35110234618186953,1,4,4
01492.png,SFDFuse,4,0.33098283410072327,0,4,2
01494.png,SFDFuse,3,0.867570141951243,3,0,3
01505.png,SFDFuse,1,0.5519296526908875,1,0,2
01511.png,SFDFuse,1,0.764943540096283,1,0,1
01527.png,SFDFuse,2,0.8659316301345825,2,0,2
01531.png,SFDFuse,0,0.0,0,0,0
01547.png,SFDFuse,0,0.0,0,0,0
01562.png,SFDFuse,0,0.0,0,0,0
01579.png,SFDFuse,0,0.0,0,0,0
01584.png,SFDFuse,11,0.5544255917722528,8,3,8
01587.png,SFDFuse,10,0.5183387041091919,8,2,8
01599.png,SFDFuse,8,0.5358302369713783,4,4,4
01608.png,SFDFuse,9,0.5513707995414734,6,3,6
01640.png,SFDFuse,4,0.45347755402326584,2,2,2
01659.png,SFDFuse,8,0.45106764510273933,4,4,4
01670.png,SFDFuse,10,0.47845197916030885,5,5,5
01673.png,SFDFuse,7,0.553851055247443,7,0,7
01707.png,SFDFuse,3,0.636939545472463,2,1,2
01710.png,SFDFuse,2,0.762406051158905,2,0,2
01724.png,SFDFuse,3,0.48729898532231647,2,1,2
01729.png,SFDFuse,3,0.5404769778251648,2,1,2
01741.png,SFDFuse,3,0.5508617957433065,2,1,2
01760.png,SFDFuse,3,0.5176317195097605,2,1,2
01773.png,SFDFuse,3,0.4459109803040822,1,2,1
01779.png,SFDFuse,3,0.6021212935447693,2,1,2
01783.png,SFDFuse,3,0.6297861138979594,2,1,2
01789.png,SFDFuse,3,0.638136237859726,2,1,2
01803.png,SFDFuse,2,0.7737063467502594,2,0,2
01806.png,SFDFuse,2,0.874072253704071,2,0,2
01807.png,SFDFuse,2,0.8384620547294617,2,0,2
01811.png,SFDFuse,2,0.8995853960514069,2,0,2
01828.png,SFDFuse,2,0.8493756949901581,2,0,2
01845.png,SFDFuse,8,0.5059194751083851,2,6,2
01856.png,SFDFuse,9,0.5182613597975837,2,7,2
01861.png,SFDFuse,6,0.5581986804803213,2,4,2
01867.png,SFDFuse,1,0.37700149416923523,0,1,0
01899.png,SFDFuse,2,0.6083808243274689,1,1,1
01911.png,SFDFuse,1,0.7619792819023132,1,0,1
01912.png,SFDFuse,2,0.6732396483421326,2,0,2
01913.png,SFDFuse,2,0.7202353477478027,2,0,2
01919.png,SFDFuse,2,0.6988142430782318,2,0,2
01929.png,SFDFuse,2,0.64174684882164,2,0,2
01937.png,SFDFuse,11,0.43068600513718347,7,4,7
01947.png,SFDFuse,10,0.39244193732738497,6,4,6
01954.png,SFDFuse,8,0.4446434751152992,7,1,8
01963.png,SFDFuse,10,0.4126456558704376,6,4,6
01977.png,SFDFuse,6,0.3653859794139862,3,3,3
01981.png,SFDFuse,4,0.4423857778310776,2,2,2
01985.png,SFDFuse,6,0.3853417634963989,3,3,3
01994.png,SFDFuse,4,0.7478986233472824,4,0,4
01996.png,SFDFuse,4,0.7985563576221466,4,0,4
02002.png,SFDFuse,5,0.6433925747871398,4,1,4
02011.png,SFDFuse,4,0.7795119434595108,4,0,4
02033.png,SFDFuse,3,0.7700004975001017,3,0,3
02045.png,SFDFuse,9,0.5386700994438596,6,3,7
02073.png,SFDFuse,9,0.6833623548348745,8,1,9
02083.png,SFDFuse,8,0.6493725962936878,7,1,8
02090.png,SFDFuse,9,0.6358507573604584,7,2,8
02102.png,SFDFuse,5,0.5162895500659943,3,2,4
02119.png,SFDFuse,6,0.5504457801580429,5,1,6
02120.png,SFDFuse,8,0.6042167022824287,7,1,9
02142.png,SFDFuse,3,0.6358408530553182,3,0,4
02163.png,SFDFuse,4,0.5446012318134308,3,1,3
02180.png,SFDFuse,5,0.5238810777664185,4,1,4
02195.png,SFDFuse,11,0.5093359811739488,11,0,13
02213.png,SFDFuse,11,0.7315703738819469,11,0,11
02233.png,SFDFuse,6,0.5869409193595251,5,1,5
02236.png,SFDFuse,11,0.5257730321450667,7,4,7
02249.png,SFDFuse,6,0.64840600391229,6,0,7
02278.png,SFDFuse,5,0.7067288517951965,5,0,6
02296.png,SFDFuse,8,0.6398829706013203,7,1,8
02310.png,SFDFuse,5,0.5407033145427704,3,2,3
02317.png,SFDFuse,10,0.5428781747817993,8,2,8
02322.png,SFDFuse,4,0.5122974887490273,3,1,3
02337.png,SFDFuse,5,0.4732282102108002,2,3,2
02352.png,SFDFuse,2,0.8355068862438202,2,0,2
02369.png,SFDFuse,3,0.7954632242520651,3,0,3
02394.png,SFDFuse,4,0.6717434301972389,3,1,3
02405.png,SFDFuse,4,0.7097728550434113,4,0,4
02440.png,SFDFuse,3,0.6348879535992941,3,0,3
02450.png,SFDFuse,4,0.5275114998221397,3,1,3
02455.png,SFDFuse,7,0.5446491880076272,6,1,6
02464.png,SFDFuse,9,0.5742863449785445,7,2,8
02473.png,SFDFuse,14,0.4925415962934494,10,4,10
02478.png,SFDFuse,8,0.6683386191725731,7,1,8
02486.png,SFDFuse,5,0.5794490575790405,5,0,5
02495.png,SFDFuse,3,0.5738645493984222,2,1,3
02522.png,SFDFuse,4,0.46126043051481247,3,1,3
02527.png,SFDFuse,1,0.29367226362228394,0,1,1
02530.png,SFDFuse,1,0.44100359082221985,1,0,1
02533.png,SFDFuse,3,0.473321795463562,2,1,2
02544.png,SFDFuse,3,0.3499993185202281,2,1,2
02556.png,SFDFuse,3,0.6671041051546732,3,0,4
02572.png,SFDFuse,5,0.4687550663948059,5,0,8
02606.png,SFDFuse,4,0.7182324677705765,4,0,5
02611.png,SFDFuse,4,0.6466785371303558,3,1,4
02624.png,SFDFuse,8,0.5222285389900208,6,2,6
02641.png,SFDFuse,7,0.4972771831921169,5,2,5
02651.png,SFDFuse,1,0.48821592330932617,1,0,2
02658.png,SFDFuse,5,0.6777422189712524,5,0,6
02667.png,SFDFuse,8,0.5409090258181095,6,2,6
02709.png,SFDFuse,10,0.5617828458547592,9,1,10
02720.png,SFDFuse,6,0.6875225603580475,6,0,6
02731.png,SFDFuse,6,0.6448274354139963,6,0,6
02739.png,SFDFuse,2,0.811594545841217,2,0,2
02754.png,SFDFuse,1,0.8650176525115967,1,0,1
02757.png,SFDFuse,1,0.8918291926383972,1,0,1
02762.png,SFDFuse,0,0.0,0,0,0
02778.png,SFDFuse,1,0.3279864490032196,0,1,0
02786.png,SFDFuse,2,0.6339315474033356,2,0,2
02816.png,SFDFuse,4,0.7693114876747131,4,0,4
02821.png,SFDFuse,4,0.7292541861534119,3,1,3
02846.png,SFDFuse,2,0.5793774574995041,1,1,1
02860.png,SFDFuse,2,0.8710140287876129,2,0,2
02869.png,SFDFuse,3,0.8152377009391785,3,0,3
02896.png,SFDFuse,3,0.5796757241090139,1,2,2
02956.png,SFDFuse,12,0.5448087031642596,9,3,10
03019.png,SFDFuse,9,0.5849396718872918,7,2,7
03045.png,SFDFuse,8,0.6159519478678703,8,0,8
03100.png,SFDFuse,3,0.8791608214378357,3,0,3
03109.png,SFDFuse,6,0.6734493722518285,6,0,7
03143.png,SFDFuse,4,0.7694706693291664,4,0,5
03173.png,SFDFuse,3,0.6913726429144541,3,0,34
03219.png,SFDFuse,14,0.5140919089317322,9,5,10
03260.png,SFDFuse,8,0.6945084556937218,8,0,10
03281.png,SFDFuse,4,0.614583820104599,3,1,5
03289.png,SFDFuse,8,0.6322726905345917,7,1,9
03354.png,SFDFuse,7,0.5111879408359528,5,2,5
03375.png,SFDFuse,5,0.6110828936100006,4,1,5
03381.png,SFDFuse,15,0.5556752820809682,13,2,13
03409.png,SFDFuse,12,0.6077307611703873,9,3,9
03417.png,SFDFuse,7,0.5859832678522382,6,1,6
03433.png,SFDFuse,8,0.6665429584681988,6,2,6
03438.png,SFDFuse,13,0.5338212756010202,8,5,9
03462.png,SFDFuse,8,0.63035674020648,6,2,6
03473.png,SFDFuse,9,0.6680542826652527,8,1,8
03575.png,SFDFuse,18,0.6328237868017621,15,3,15
03589.png,SFDFuse,9,0.6265687180889977,8,1,9
03600.png,SFDFuse,12,0.6128411516547203,9,3,9
03640.png,SFDFuse,13,0.5119583698419424,8,5,8
03708.png,SFDFuse,9,0.5058705707391103,6,3,7
03719.png,SFDFuse,3,0.6617926160494486,2,1,2
03769.png,SFDFuse,8,0.7794674634933472,8,0,8
03813.png,SFDFuse,6,0.706392819682757,5,1,5
03836.png,SFDFuse,7,0.6571837365627289,6,1,6
03878.png,SFDFuse,6,0.7355810552835464,6,0,6
03989.png,SFDFuse,11,0.6328069134192034,10,1,12
04006.png,SFDFuse,3,0.5192044675350189,2,1,2
04018.png,SFDFuse,2,0.8312469720840454,2,0,2
04026.png,SFDFuse,2,0.804973691701889,2,0,2
04053.png,SFDFuse,5,0.7579553365707398,5,0,6
04092.png,SFDFuse,4,0.8126811534166336,4,0,4
04160.png,SFDFuse,8,0.789189487695694,8,0,8
00000.png,LAMF,10,0.655903571844101,9,1,9
00011.png,LAMF,10,0.7296208322048188,9,1,9
00025.png,LAMF,10,0.5679998993873596,7,3,7
00031.png,LAMF,8,0.7658794447779655,8,0,8
00033.png,LAMF,10,0.6983093589544296,10,0,10
00042.png,LAMF,7,0.7563880681991577,7,0,7
00061.png,LAMF,7,0.5120268847261157,5,2,5
00071.png,LAMF,7,0.4400613563401358,3,4,3
00082.png,LAMF,4,0.6527522131800652,3,1,3
00097.png,LAMF,3,0.5003473659356436,2,1,2
00107.png,LAMF,5,0.44370566606521605,3,2,3
00112.png,LAMF,17,0.5456148280816919,13,4,14
00118.png,LAMF,10,0.5716978222131729,8,2,9
00147.png,LAMF,18,0.6221356557475196,16,2,16
00149.png,LAMF,10,0.5746006220579147,6,4,6
00150.png,LAMF,11,0.6098828911781311,8,3,8
00159.png,LAMF,10,0.6884032011032104,8,2,8
00177.png,LAMF,10,0.7626631677150726,10,0,10
00196.png,LAMF,10,0.5943443685770035,9,1,10
00202.png,LAMF,11,0.5766142715107311,10,1,10
00210.png,LAMF,8,0.5731267035007477,6,2,6
00215.png,LAMF,5,0.7113221228122711,4,1,4
00232.png,LAMF,7,0.49068501591682434,5,2,6
00242.png,LAMF,9,0.5151519278685252,6,3,7
00255.png,LAMF,2,0.7984204888343811,1,1,1
00274.png,LAMF,3,0.6130719780921936,2,1,2
00284.png,LAMF,4,0.5423006191849709,2,2,2
00290.png,LAMF,4,0.7121903002262115,2,2,2
00306.png,LAMF,4,0.7755727022886276,2,2,2
00320.png,LAMF,4,0.6838587746024132,2,2,2
00325.png,LAMF,1,0.8053717613220215,1,0,1
00334.png,LAMF,1,0.6919927597045898,1,0,1
00339.png,LAMF,1,0.31422141194343567,0,1,0
00349.png,LAMF,1,0.8866456747055054,1,0,1
00353.png,LAMF,1,0.8667728900909424,1,0,1
00370.png,LAMF,1,0.8608092069625854,1,0,1
00385.png,LAMF,2,0.6416579037904739,1,1,1
00386.png,LAMF,7,0.6442408391407558,7,0,7
00388.png,LAMF,13,0.5202634632587433,11,2,11
00389.png,LAMF,12,0.44340748339891434,8,4,8
00390.png,LAMF,9,0.5752774907482995,6,3,7
00400.png,LAMF,8,0.4764717407524586,5,3,5
00405.png,LAMF,14,0.552754568202155,10,4,11
00409.png,LAMF,9,0.5400856932004293,6,3,8
00419.png,LAMF,2,0.893888384103775,2,0,2
00421.png,LAMF,8,0.6216020174324512,7,1,8
00434.png,LAMF,10,0.64876229763031,9,1,11
00441.png,LAMF,10,0.6263454884290696,9,1,9
00443.png,LAMF,6,0.5978592187166214,4,2,4
00449.png,LAMF,7,0.7059445551463536,6,1,6
00453.png,LAMF,5,0.5104340314865112,3,2,4
00461.png,LAMF,8,0.49677278101444244,4,4,4
00479.png,LAMF,4,0.7103616744279861,4,0,4
00489.png,LAMF,8,0.5637131817638874,5,3,5
00497.png,LAMF,9,0.5150436725881364,6,3,6
00512.png,LAMF,10,0.5341479569673538,6,4,6
00525.png,LAMF,6,0.7494118213653564,6,0,6
00527.png,LAMF,7,0.4837799540587834,5,2,7
00537.png,LAMF,11,0.6552973389625549,10,1,10
00555.png,LAMF,10,0.5412434250116348,8,2,9
00572.png,LAMF,11,0.5402710329402577,11,0,11
00587.png,LAMF,7,0.553978042943137,6,1,7
00606.png,LAMF,7,0.7019894208226886,7,0,7
00621.png,LAMF,10,0.5238704293966293,7,3,7
00633.png,LAMF,8,0.7022416591644287,7,1,7
00643.png,LAMF,1,0.5153026580810547,1,0,1
00652.png,LAMF,3,0.40651728709538776,1,2,2
00653.png,LAMF,3,0.5108850002288818,2,1,2
00661.png,LAMF,3,0.7984752257664999,3,0,3
00671.png,LAMF,5,0.7108231842517853,5,0,5
00676.png,LAMF,5,0.6885481774806976,4,1,4
00677.png,LAMF,7,0.497262431042535,5,2,6
00687.png,LAMF,7,0.592832693031856,7,0,7
00697.png,LAMF,5,0.5127617359161377,4,1,6
00712.png,LAMF,1,0.7659406661987305,1,0,1
00716.png,LAMF,1,0.7737209796905518,1,0,1
00719.png,LAMF,0,0.0,0,0,0
00725.png,LAMF,1,0.9180313944816589,1,0,1
00726.png,LAMF,1,0.9260253310203552,1,0,1
00738.png,LAMF,2,0.5061426162719727,1,1,1
00760.png,LAMF,1,0.6570256352424622,1,0,1
00762.png,LAMF,1,0.8744227886199951,1,0,1
00769.png,LAMF,2,0.3385377377271652,0,2,0
00787.png,LAMF,2,0.7362087965011597,2,0,2
00800.png,LAMF,2,0.46714502573013306,0,2,0
00801.png,LAMF,2,0.6894959211349487,2,0,2
00805.png,LAMF,3,0.6206920146942139,3,0,3
00818.png,LAMF,1,0.7154778838157654,1,0,1
00825.png,LAMF,4,0.8514203429222107,3,1,3
00826.png,LAMF,4,0.7305557504296303,3,1,3
00829.png,LAMF,4,0.7058278024196625,4,0,4
00834.png,LAMF,4,0.5991313457489014,3,1,3
00857.png,LAMF,3,0.361138254404068,2,1,2
00867.png,LAMF,2,0.6320058107376099,2,0,2
00871.png,LAMF,4,0.6329351663589478,3,1,3
00878.png,LAMF,4,0.6515899896621704,3,1,3
00896.png,LAMF,2,0.7568223178386688,2,0,2
00910.png,LAMF,1,0.846948504447937,1,0,2
00916.png,LAMF,2,0.7716203331947327,2,0,2
00922.png,LAMF,2,0.7615228295326233,2,0,2
00926.png,LAMF,2,0.6894854605197906,2,0,2
00950.png,LAMF,2,0.7807113230228424,2,0,3
00958.png,LAMF,3,0.7319862047831217,3,0,3
00965.png,LAMF,3,0.7464165290196737,3,0,3
00976.png,LAMF,12,0.553577832877636,9,3,9
00994.png,LAMF,9,0.5298503637313843,4,5,5
01017.png,LAMF,3,0.7620690663655599,3,0,3
01034.png,LAMF,6,0.5099875926971436,5,1,5
01043.png,LAMF,5,0.6986523032188415,5,0,5
01079.png,LAMF,0,0.0,0,0,0
01093.png,LAMF,6,0.6833923657735189,5,1,5
01101.png,LAMF,7,0.5161092068467822,5,2,5
01115.png,LAMF,4,0.49050188064575195,3,1,4
01122.png,LAMF,4,0.5321669578552246,3,1,3
01136.png,LAMF,4,0.5519468486309052,2,2,2
01147.png,LAMF,2,0.5208323746919632,2,0,2
01156.png,LAMF,3,0.6292197207609812,2,1,2
01165.png,LAMF,1,0.898103654384613,1,0,2
01186.png,LAMF,6,0.5465021133422852,5,1,6
01204.png,LAMF,4,0.592591255903244,3,1,3
01212.png,LAMF,4,0.648141548037529,3,1,3
01223.png,LAMF,9,0.5422771341270871,7,2,7
01227.png,LAMF,3,0.7227240602175394,3,0,4
01242.png,LAMF,3,0.6787063181400299,2,1,2
01249.png,LAMF,2,0.5744978785514832,1,1,1
01267.png,LAMF,4,0.3215674087405205,0,4,0
01270.png,LAMF,2,0.43281029164791107,1,1,3
01299.png,LAMF,3,0.35708964864412945,1,2,4
01301.png,LAMF,2,0.7886353731155396,2,0,2
01320.png,LAMF,2,0.7606867551803589,2,0,2
01331.png,LAMF,2,0.8299351334571838,2,0,2
01345.png,LAMF,0,0.0,0,0,0
01388.png,LAMF,0,0.0,0,0,0
01393.png,LAMF,2,0.5485412329435349,1,1,1
01406.png,LAMF,2,0.5489067584276199,1,1,1
01413.png,LAMF,1,0.7570688724517822,1,0,1
01415.png,LAMF,1,0.7390949726104736,1,0,1
01422.png,LAMF,1,0.8386321663856506,1,0,2
01432.png,LAMF,0,0.0,0,0,0
01437.png,LAMF,0,0.0,0,0,0
01442.png,LAMF,4,0.5644082278013229,3,1,3
01443.png,LAMF,4,0.5268458276987076,3,1,3
01454.png,LAMF,7,0.47530022263526917,4,3,6
01462.png,LAMF,2,0.4366844892501831,2,0,2
01471.png,LAMF,3,0.3793395658334096,1,2,4
01482.png,LAMF,5,0.38217350244522097,2,3,3
01486.png,LAMF,4,0.35789313167333603,3,1,4
01492.png,LAMF,2,0.35622724890708923,0,2,2
01494.png,LAMF,3,0.8726997375488281,3,0,3
01505.png,LAMF,1,0.5450093746185303,1,0,2
01511.png,LAMF,1,0.7613664865493774,1,0,1
01527.png,LAMF,2,0.8669349551200867,2,0,2
01531.png,LAMF,0,0.0,0,0,0
01547.png,LAMF,0,0.0,0,0,0
01562.png,LAMF,0,0.0,0,0,0
01579.png,LAMF,0,0.0,0,0,0
01584.png,LAMF,11,0.5577641129493713,8,3,8
01587.png,LAMF,10,0.5288385212421417,8,2,8
01599.png,LAMF,8,0.5240893512964249,4,4,4
01608.png,LAMF,9,0.5577588478724161,6,3,6
01640.png,LAMF,4,0.44593346118927,2,2,2
01659.png,LAMF,7,0.4782415245260511,4,3,4
01670.png,LAMF,9,0.5111334953043196,5,4,5
01673.png,LAMF,8,0.5235411003232002,7,1,7
01707.png,LAMF,2,0.8290727436542511,2,0,2
01710.png,LAMF,2,0.7578715682029724,2,0,2
01724.png,LAMF,3,0.5032143791516622,2,1,2
01729.png,LAMF,3,0.545535147190094,2,1,2
01741.png,LAMF,2,0.6510661840438843,2,0,2
01760.png,LAMF,3,0.5375974575678507,2,1,2
01773.png,LAMF,2,0.5207924693822861,1,1,1
01779.png,LAMF,3,0.6140421628952026,2,1,2
01783.png,LAMF,3,0.6222061912218729,2,1,2
01789.png,LAMF,3,0.6344144145647684,2,1,2
01803.png,LAMF,2,0.8539232611656189,2,0,2
01806.png,LAMF,2,0.8777852654457092,2,0,2
01807.png,LAMF,2,0.8486321568489075,2,0,2
01811.png,LAMF,3,0.7020411690076193,2,1,2
01828.png,LAMF,2,0.8502964377403259,2,0,2
01845.png,LAMF,8,0.5202850699424744,2,6,2
01856.png,LAMF,10,0.4911529839038849,2,8,2
01861.png,LAMF,6,0.5523694306612015,2,4,2
01867.png,LAMF,1,0.3182799518108368,0,1,0
01899.png,LAMF,3,0.44854217767715454,1,2,1
01911.png,LAMF,1,0.7538976073265076,1,0,1
01912.png,LAMF,2,0.5292326807975769,2,0,2
01913.png,LAMF,3,0.4890819887320201,2,1,2
01919.png,LAMF,2,0.6700128614902496,2,0,2
01929.png,LAMF,3,0.5063135921955109,2,1,2
01937.png,LAMF,11,0.43578846888108685,7,4,7
01947.png,LAMF,10,0.3907121241092682,6,4,6
01954.png,LAMF,9,0.42391061782836914,8,1,8
01963.png,LAMF,10,0.3926632821559906,6,4,6
01977.png,LAMF,7,0.3526449373790196,3,4,3
01981.png,LAMF,2,0.5674215704202652,2,0,2
01985.png,LAMF,7,0.3869501267160688,3,4,3
01994.png,LAMF,4,0.7556181252002716,4,0,4
01996.png,LAMF,5,0.7206092357635498,4,1,4
02002.png,LAMF,5,0.6291710078716278,4,1,4
02011.png,LAMF,4,0.7729942351579666,4,0,4
02033.png,LAMF,3,0.757528285185496,3,0,3
02045.png,LAMF,8,0.6087899953126907,6,2,7
02073.png,LAMF,10,0.639497709274292,9,1,9
02083.png,LAMF,8,0.6435655951499939,7,1,8
02090.png,LAMF,9,0.6498953832520379,8,1,8
02102.png,LAMF,4,0.5000098273158073,3,1,4
02119.png,LAMF,7,0.5200866886547634,5,2,6
02120.png,LAMF,7,0.6699878062520709,7,0,9
02142.png,LAMF,3,0.6160398721694946,3,0,4
02163.png,LAMF,4,0.5336504355072975,3,1,3
02180.png,LAMF,5,0.5361025631427765,4,1,4
02195.png,LAMF,11,0.5194536691362207,11,0,13
02213.png,LAMF,11,0.7382746934890747,11,0,11
02233.png,LAMF,7,0.5559249307428088,5,2,5
02236.png,LAMF,11,0.5322894724932584,7,4,7
02249.png,LAMF,7,0.6234769565718514,6,1,7
02278.png,LAMF,5,0.7318251967430115,5,0,6
02296.png,LAMF,10,0.5954825311899186,8,2,8
02310.png,LAMF,4,0.603182390332222,3,1,3
02317.png,LAMF,11,0.4859893701293252,8,3,8
02322.png,LAMF,4,0.5248218700289726,3,1,3
02337.png,LAMF,4,0.47561506927013397,2,2,2
02352.png,LAMF,2,0.8647910058498383,2,0,2
02369.png,LAMF,3,0.7824065287907919,3,0,3
02394.png,LAMF,4,0.6594091653823853,3,1,3
02405.png,LAMF,4,0.7210893332958221,4,0,4
02440.png,LAMF,3,0.6440822978814443,3,0,3
02450.png,LAMF,4,0.5107557252049446,3,1,3
02455.png,LAMF,9,0.48959417475594413,6,3,6
02464.png,LAMF,8,0.6153720691800117,7,1,8
02473.png,LAMF,13,0.5152200758457184,9,4,10
02478.png,LAMF,8,0.6566510200500488,7,1,8
02486.png,LAMF,6,0.5214671393235525,5,1,5
02495.png,LAMF,3,0.5663528939088186,2,1,3
02522.png,LAMF,4,0.44464152306318283,3,1,3
02527.png,LAMF,0,0.0,0,0,1
02530.png,LAMF,1,0.40652644634246826,1,0,1
02533.png,LAMF,3,0.5031526386737823,2,1,2
02544.png,LAMF,2,0.3779318034648895,1,1,2
02556.png,LAMF,3,0.7326778173446655,3,0,4
02572.png,LAMF,3,0.6198433935642242,3,0,8
02606.png,LAMF,4,0.7332311421632767,4,0,5
02611.png,LAMF,3,0.8000767429669698,3,0,4
02624.png,LAMF,7,0.548486202955246,6,1,6
02641.png,LAMF,6,0.5244756986697515,5,1,5
02651.png,LAMF,2,0.508032888174057,2,0,2
02658.png,LAMF,7,0.5510597654751369,5,2,6
02667.png,LAMF,7,0.6052276832716805,6,1,6
02709.png,LAMF,11,0.5145523954521526,10,1,10
02720.png,LAMF,6,0.6865468273560206,6,0,6
02731.png,LAMF,6,0.663960466782252,6,0,6
02739.png,LAMF,2,0.8111457526683807,2,0,2
02754.png,LAMF,1,0.873506486415863,1,0,1
02757.png,LAMF,1,0.8784189820289612,1,0,1
02762.png,LAMF,0,0.0,0,0,0
02778.png,LAMF,1,0.5105937719345093,0,1,0
02786.png,LAMF,3,0.5183199644088745,2,1,2
02816.png,LAMF,4,0.7922303527593613,4,0,4
02821.png,LAMF,4,0.7314262464642525,3,1,3
02846.png,LAMF,2,0.5791111886501312,1,1,1
02860.png,LAMF,2,0.8735037744045258,2,0,2
02869.png,LAMF,3,0.8091188867886862,3,0,3
02896.png,LAMF,3,0.6266942421595255,1,2,2
02956.png,LAMF,12,0.5389279847343763,9,3,10
03019.png,LAMF,8,0.6067783907055855,6,2,7
03045.png,LAMF,8,0.6195274218916893,8,0,8
03100.png,LAMF,3,0.8791504502296448,3,0,3
03109.png,LAMF,6,0.6345779697100321,6,0,7
03143.png,LAMF,4,0.7171940878033638,4,0,5
03173.png,LAMF,3,0.6760749816894531,3,0,34
03219.png,LAMF,11,0.5600722215392373,9,2,10
03260.png,LAMF,8,0.6944913603365421,8,0,10
03281.png,LAMF,3,0.6363392869631449,2,1,5
03289.png,LAMF,9,0.5950239267614152,8,1,9
03354.png,LAMF,7,0.4834472324166979,5,2,5
03375.png,LAMF,5,0.6084100544452667,4,1,5
03381.png,LAMF,17,0.5203298260183895,13,4,13
03409.png,LAMF,11,0.650566735050895,9,2,9
03417.png,LAMF,7,0.586880943604878,6,1,6
03433.png,LAMF,8,0.6657916978001595,6,2,6
03438.png,LAMF,13,0.5243189472418565,8,5,9
03462.png,LAMF,8,0.6368494965136051,6,2,6
03473.png,LAMF,9,0.6673733062214322,8,1,8
03575.png,LAMF,18,0.6164540747801462,15,3,15
03589.png,LAMF,9,0.613733794954088,8,1,9
03600.png,LAMF,12,0.6164555698633194,9,3,9
03640.png,LAMF,13,0.506587280676915,8,5,8
03708.png,LAMF,10,0.47753735482692716,7,3,7
03719.png,LAMF,2,0.8395573198795319,2,0,2
03769.png,LAMF,8,0.7717645242810249,8,0,8
03813.png,LAMF,6,0.6928423295418421,5,1,5
03836.png,LAMF,7,0.6703014501503536,6,1,6
03878.png,LAMF,6,0.7224857409795126,6,0,6
03989.png,LAMF,11,0.6288499154827811,10,1,12
04006.png,LAMF,3,0.5204876959323883,2,1,2
04018.png,LAMF,2,0.8374389410018921,2,0,2
04026.png,LAMF,2,0.8004693984985352,2,0,2
04053.png,LAMF,5,0.7716709017753601,5,0,6
04092.png,LAMF,5,0.6899752020835876,4,1,4
04160.png,LAMF,8,0.793948695063591,8,0,8
